ID,Label
0.jpg,0
1.jpg,0
2.jpg,0
3.jpg,0
4.jpg,0
5.jpg,0
6.jpg,0
7.jpg,0
8.jpg,0
9.jpg,0
10.jpg,9
11.jpg,9
12.jpg,9
13.jpg,9
14.jpg,0
15.jpg,4
16.jpg,0
17.jpg,9
18.jpg,9
19.jpg,9
20.jpg,9
21.jpg,67
22.jpg,0
23.jpg,67
24.jpg,45
25.jpg,9
26.jpg,9
27.jpg,92
28.jpg,67
29.jpg,0
30.jpg,98
31.jpg,67
32.jpg,9
33.jpg,92
34.jpg,67
35.jpg,3
36.jpg,67
37.jpg,4
38.jpg,67
39.jpg,3
40.jpg,9
41.jpg,68
42.jpg,4
43.jpg,77
44.jpg,4
45.jpg,4
46.jpg,0
47.jpg,4
48.jpg,4
49.jpg,0
50.jpg,67
51.jpg,9
52.jpg,67
53.jpg,4
54.jpg,5
55.jpg,9
56.jpg,67
57.jpg,67
58.jpg,67
59.jpg,9
60.jpg,92
61.jpg,98
62.jpg,6
63.jpg,98
64.jpg,98
65.jpg,9
66.jpg,98
67.jpg,4
68.jpg,32
69.jpg,77
70.jpg,9
71.jpg,67
72.jpg,0
73.jpg,92
74.jpg,0
75.jpg,92
76.jpg,7
77.jpg,0
78.jpg,9
79.jpg,0
80.jpg,9
81.jpg,0
82.jpg,98
83.jpg,9
84.jpg,68
85.jpg,9
86.jpg,8
87.jpg,9
88.jpg,9
89.jpg,67
90.jpg,9
91.jpg,77
92.jpg,77
93.jpg,9
94.jpg,9
95.jpg,77
96.jpg,9
97.jpg,9
98.jpg,9
99.jpg,9
100.jpg,39
101.jpg,9
102.jpg,0
103.jpg,9
104.jpg,8
105.jpg,9
106.jpg,67
107.jpg,8
108.jpg,9
109.jpg,0
110.jpg,14
111.jpg,9
112.jpg,77
113.jpg,77
114.jpg,11
115.jpg,98
116.jpg,0
117.jpg,9
118.jpg,9
119.jpg,9
120.jpg,9
121.jpg,9
122.jpg,9
123.jpg,9
124.jpg,9
125.jpg,9
126.jpg,67
127.jpg,0
128.jpg,9
129.jpg,9
130.jpg,4
131.jpg,43
132.jpg,43
133.jpg,0
134.jpg,43
135.jpg,98
136.jpg,0
137.jpg,0
138.jpg,0
139.jpg,14
140.jpg,9
141.jpg,0
142.jpg,14
143.jpg,9
144.jpg,9
145.jpg,9
146.jpg,14
147.jpg,14
148.jpg,9
149.jpg,9
150.jpg,8
151.jpg,9
152.jpg,9
153.jpg,67
154.jpg,0
155.jpg,67
156.jpg,67
157.jpg,67
158.jpg,67
159.jpg,9
160.jpg,77
161.jpg,43
162.jpg,0
163.jpg,0
164.jpg,9
165.jpg,39
166.jpg,77
167.jpg,4
168.jpg,0
169.jpg,77
170.jpg,17
171.jpg,56
172.jpg,9
173.jpg,9
174.jpg,67
175.jpg,77
176.jpg,77
177.jpg,9
178.jpg,17
179.jpg,0
180.jpg,18
181.jpg,18
182.jpg,77
183.jpg,77
184.jpg,43
185.jpg,18
186.jpg,77
187.jpg,44
188.jpg,98
189.jpg,44
190.jpg,68
191.jpg,68
192.jpg,68
193.jpg,98
194.jpg,68
195.jpg,68
196.jpg,59
197.jpg,68
198.jpg,68
199.jpg,68
200.jpg,32
201.jpg,32
202.jpg,98
203.jpg,20
204.jpg,32
205.jpg,32
206.jpg,77
207.jpg,77
208.jpg,20
209.jpg,77
210.jpg,32
211.jpg,77
212.jpg,97
213.jpg,32
214.jpg,77
215.jpg,32
216.jpg,98
217.jpg,21
218.jpg,77
219.jpg,98
220.jpg,98
221.jpg,43
222.jpg,98
223.jpg,98
224.jpg,43
225.jpg,43
226.jpg,43
227.jpg,32
228.jpg,77
229.jpg,77
230.jpg,9
231.jpg,9
232.jpg,4
233.jpg,92
234.jpg,0
235.jpg,0
236.jpg,67
237.jpg,9
238.jpg,0
239.jpg,68
240.jpg,81
241.jpg,28
242.jpg,32
243.jpg,92
244.jpg,98
245.jpg,98
246.jpg,32
247.jpg,75
248.jpg,98
249.jpg,97
250.jpg,77
251.jpg,32
252.jpg,32
253.jpg,97
254.jpg,32
255.jpg,91
256.jpg,32
257.jpg,98
258.jpg,98
259.jpg,32
260.jpg,32
261.jpg,77
262.jpg,32
263.jpg,77
264.jpg,97
265.jpg,32
266.jpg,32
267.jpg,92
268.jpg,92
269.jpg,77
270.jpg,77
271.jpg,77
272.jpg,77
273.jpg,77
274.jpg,98
275.jpg,98
276.jpg,98
277.jpg,32
278.jpg,77
279.jpg,77
280.jpg,98
281.jpg,77
282.jpg,98
283.jpg,77
284.jpg,98
285.jpg,98
286.jpg,32
287.jpg,77
288.jpg,97
289.jpg,97
290.jpg,68
291.jpg,68
292.jpg,48
293.jpg,68
294.jpg,68
295.jpg,68
296.jpg,68
297.jpg,68
298.jpg,48
299.jpg,68
300.jpg,68
301.jpg,68
302.jpg,68
303.jpg,68
304.jpg,68
305.jpg,68
306.jpg,68
307.jpg,68
308.jpg,69
309.jpg,68
310.jpg,98
311.jpg,77
312.jpg,98
313.jpg,43
314.jpg,98
315.jpg,43
316.jpg,43
317.jpg,77
318.jpg,68
319.jpg,31
320.jpg,32
321.jpg,32
322.jpg,77
323.jpg,32
324.jpg,32
325.jpg,32
326.jpg,32
327.jpg,32
328.jpg,32
329.jpg,32
330.jpg,53
331.jpg,68
332.jpg,68
333.jpg,68
334.jpg,68
335.jpg,62
336.jpg,68
337.jpg,68
338.jpg,68
339.jpg,68
340.jpg,67
341.jpg,0
342.jpg,0
343.jpg,9
344.jpg,77
345.jpg,9
346.jpg,67
347.jpg,98
348.jpg,9
349.jpg,9
350.jpg,59
351.jpg,68
352.jpg,61
353.jpg,68
354.jpg,11
355.jpg,62
356.jpg,68
357.jpg,68
358.jpg,53
359.jpg,68
360.jpg,75
361.jpg,77
362.jpg,98
363.jpg,77
364.jpg,32
365.jpg,77
366.jpg,92
367.jpg,32
368.jpg,32
369.jpg,36
370.jpg,44
371.jpg,98
372.jpg,77
373.jpg,44
374.jpg,32
375.jpg,77
376.jpg,98
377.jpg,77
378.jpg,32
379.jpg,39
380.jpg,77
381.jpg,98
382.jpg,32
383.jpg,98
384.jpg,98
385.jpg,77
386.jpg,77
387.jpg,77
388.jpg,98
389.jpg,32
390.jpg,98
391.jpg,98
392.jpg,77
393.jpg,43
394.jpg,39
395.jpg,77
396.jpg,43
397.jpg,39
398.jpg,39
399.jpg,43
400.jpg,32
401.jpg,40
402.jpg,97
403.jpg,77
404.jpg,97
405.jpg,32
406.jpg,98
407.jpg,77
408.jpg,92
409.jpg,32
410.jpg,68
411.jpg,68
412.jpg,68
413.jpg,68
414.jpg,68
415.jpg,68
416.jpg,59
417.jpg,68
418.jpg,92
419.jpg,68
420.jpg,77
421.jpg,98
422.jpg,32
423.jpg,98
424.jpg,77
425.jpg,77
426.jpg,77
427.jpg,42
428.jpg,98
429.jpg,20
430.jpg,43
431.jpg,43
432.jpg,43
433.jpg,43
434.jpg,77
435.jpg,43
436.jpg,43
437.jpg,43
438.jpg,43
439.jpg,43
440.jpg,44
441.jpg,98
442.jpg,44
443.jpg,44
444.jpg,98
445.jpg,98
446.jpg,77
447.jpg,98
448.jpg,77
449.jpg,44
450.jpg,67
451.jpg,67
452.jpg,99
453.jpg,98
454.jpg,92
455.jpg,9
456.jpg,4
457.jpg,8
458.jpg,67
459.jpg,67
460.jpg,59
461.jpg,68
462.jpg,71
463.jpg,68
464.jpg,68
465.jpg,68
466.jpg,68
467.jpg,68
468.jpg,68
469.jpg,68
470.jpg,68
471.jpg,68
472.jpg,59
473.jpg,68
474.jpg,68
475.jpg,68
476.jpg,59
477.jpg,47
478.jpg,59
479.jpg,59
480.jpg,68
481.jpg,61
482.jpg,59
483.jpg,68
484.jpg,68
485.jpg,68
486.jpg,68
487.jpg,68
488.jpg,68
489.jpg,68
490.jpg,68
491.jpg,59
492.jpg,68
493.jpg,68
494.jpg,68
495.jpg,59
496.jpg,68
497.jpg,49
498.jpg,71
499.jpg,59
500.jpg,68
501.jpg,59
502.jpg,68
503.jpg,59
504.jpg,59
505.jpg,55
506.jpg,71
507.jpg,92
508.jpg,71
509.jpg,71
510.jpg,68
511.jpg,68
512.jpg,98
513.jpg,68
514.jpg,68
515.jpg,68
516.jpg,68
517.jpg,71
518.jpg,68
519.jpg,71
520.jpg,68
521.jpg,68
522.jpg,59
523.jpg,68
524.jpg,68
525.jpg,68
526.jpg,68
527.jpg,68
528.jpg,68
529.jpg,53
530.jpg,71
531.jpg,68
532.jpg,68
533.jpg,59
534.jpg,59
535.jpg,68
536.jpg,68
537.jpg,68
538.jpg,53
539.jpg,68
540.jpg,68
541.jpg,59
542.jpg,68
543.jpg,71
544.jpg,54
545.jpg,68
546.jpg,68
547.jpg,71
548.jpg,59
549.jpg,92
550.jpg,68
551.jpg,77
552.jpg,68
553.jpg,68
554.jpg,59
555.jpg,68
556.jpg,68
557.jpg,59
558.jpg,59
559.jpg,68
560.jpg,14
561.jpg,32
562.jpg,92
563.jpg,32
564.jpg,67
565.jpg,67
566.jpg,56
567.jpg,56
568.jpg,9
569.jpg,39
570.jpg,57
571.jpg,69
572.jpg,68
573.jpg,68
574.jpg,68
575.jpg,59
576.jpg,68
577.jpg,68
578.jpg,68
579.jpg,59
580.jpg,59
581.jpg,68
582.jpg,68
583.jpg,68
584.jpg,68
585.jpg,68
586.jpg,58
587.jpg,68
588.jpg,68
589.jpg,68
590.jpg,59
591.jpg,68
592.jpg,59
593.jpg,68
594.jpg,59
595.jpg,59
596.jpg,68
597.jpg,59
598.jpg,59
599.jpg,59
600.jpg,68
601.jpg,59
602.jpg,59
603.jpg,59
604.jpg,68
605.jpg,62
606.jpg,71
607.jpg,68
608.jpg,68
609.jpg,59
610.jpg,61
611.jpg,59
612.jpg,68
613.jpg,68
614.jpg,68
615.jpg,68
616.jpg,68
617.jpg,68
618.jpg,59
619.jpg,61
620.jpg,68
621.jpg,68
622.jpg,68
623.jpg,68
624.jpg,55
625.jpg,68
626.jpg,68
627.jpg,68
628.jpg,71
629.jpg,53
630.jpg,68
631.jpg,68
632.jpg,59
633.jpg,68
634.jpg,68
635.jpg,68
636.jpg,68
637.jpg,53
638.jpg,68
639.jpg,59
640.jpg,68
641.jpg,53
642.jpg,68
643.jpg,68
644.jpg,68
645.jpg,59
646.jpg,68
647.jpg,68
648.jpg,62
649.jpg,68
650.jpg,68
651.jpg,59
652.jpg,59
653.jpg,68
654.jpg,59
655.jpg,68
656.jpg,98
657.jpg,68
658.jpg,59
659.jpg,59
660.jpg,68
661.jpg,68
662.jpg,68
663.jpg,68
664.jpg,68
665.jpg,68
666.jpg,68
667.jpg,59
668.jpg,68
669.jpg,55
670.jpg,67
671.jpg,67
672.jpg,98
673.jpg,67
674.jpg,67
675.jpg,67
676.jpg,9
677.jpg,67
678.jpg,67
679.jpg,67
680.jpg,68
681.jpg,68
682.jpg,68
683.jpg,68
684.jpg,59
685.jpg,68
686.jpg,68
687.jpg,68
688.jpg,68
689.jpg,68
690.jpg,59
691.jpg,68
692.jpg,68
693.jpg,69
694.jpg,68
695.jpg,98
696.jpg,69
697.jpg,68
698.jpg,68
699.jpg,68
700.jpg,68
701.jpg,68
702.jpg,59
703.jpg,71
704.jpg,68
705.jpg,68
706.jpg,53
707.jpg,68
708.jpg,68
709.jpg,68
710.jpg,59
711.jpg,71
712.jpg,68
713.jpg,59
714.jpg,68
715.jpg,71
716.jpg,68
717.jpg,68
718.jpg,71
719.jpg,71
720.jpg,59
721.jpg,98
722.jpg,68
723.jpg,59
724.jpg,68
725.jpg,59
726.jpg,68
727.jpg,68
728.jpg,68
729.jpg,68
730.jpg,32
731.jpg,32
732.jpg,32
733.jpg,98
734.jpg,98
735.jpg,98
736.jpg,98
737.jpg,77
738.jpg,97
739.jpg,95
740.jpg,79
741.jpg,98
742.jpg,77
743.jpg,77
744.jpg,79
745.jpg,32
746.jpg,97
747.jpg,77
748.jpg,68
749.jpg,32
750.jpg,32
751.jpg,75
752.jpg,75
753.jpg,98
754.jpg,98
755.jpg,75
756.jpg,98
757.jpg,98
758.jpg,77
759.jpg,98
760.jpg,76
761.jpg,76
762.jpg,77
763.jpg,76
764.jpg,32
765.jpg,32
766.jpg,43
767.jpg,32
768.jpg,77
769.jpg,98
770.jpg,77
771.jpg,77
772.jpg,77
773.jpg,77
774.jpg,32
775.jpg,98
776.jpg,77
777.jpg,77
778.jpg,77
779.jpg,77
780.jpg,78
781.jpg,77
782.jpg,98
783.jpg,98
784.jpg,77
785.jpg,92
786.jpg,99
787.jpg,92
788.jpg,78
789.jpg,32
790.jpg,98
791.jpg,98
792.jpg,98
793.jpg,79
794.jpg,98
795.jpg,79
796.jpg,77
797.jpg,98
798.jpg,98
799.jpg,79
800.jpg,77
801.jpg,98
802.jpg,77
803.jpg,98
804.jpg,98
805.jpg,98
806.jpg,43
807.jpg,98
808.jpg,43
809.jpg,44
810.jpg,32
811.jpg,43
812.jpg,98
813.jpg,98
814.jpg,32
815.jpg,32
816.jpg,32
817.jpg,77
818.jpg,77
819.jpg,98
820.jpg,98
821.jpg,77
822.jpg,32
823.jpg,82
824.jpg,98
825.jpg,77
826.jpg,77
827.jpg,77
828.jpg,92
829.jpg,32
830.jpg,44
831.jpg,77
832.jpg,32
833.jpg,32
834.jpg,32
835.jpg,77
836.jpg,32
837.jpg,32
838.jpg,32
839.jpg,98
840.jpg,97
841.jpg,97
842.jpg,97
843.jpg,97
844.jpg,32
845.jpg,97
846.jpg,32
847.jpg,97
848.jpg,77
849.jpg,77
850.jpg,77
851.jpg,77
852.jpg,98
853.jpg,32
854.jpg,77
855.jpg,32
856.jpg,77
857.jpg,97
858.jpg,98
859.jpg,77
860.jpg,32
861.jpg,92
862.jpg,77
863.jpg,86
864.jpg,98
865.jpg,21
866.jpg,75
867.jpg,77
868.jpg,92
869.jpg,92
870.jpg,87
871.jpg,77
872.jpg,77
873.jpg,77
874.jpg,79
875.jpg,98
876.jpg,43
877.jpg,98
878.jpg,32
879.jpg,77
880.jpg,43
881.jpg,77
882.jpg,32
883.jpg,43
884.jpg,88
885.jpg,32
886.jpg,98
887.jpg,97
888.jpg,88
889.jpg,32
890.jpg,89
891.jpg,0
892.jpg,97
893.jpg,77
894.jpg,77
895.jpg,92
896.jpg,89
897.jpg,89
898.jpg,98
899.jpg,92
900.jpg,92
901.jpg,43
902.jpg,90
903.jpg,90
904.jpg,90
905.jpg,77
906.jpg,43
907.jpg,44
908.jpg,90
909.jpg,77
910.jpg,98
911.jpg,77
912.jpg,91
913.jpg,32
914.jpg,98
915.jpg,77
916.jpg,32
917.jpg,32
918.jpg,98
919.jpg,32
920.jpg,92
921.jpg,92
922.jpg,98
923.jpg,92
924.jpg,92
925.jpg,77
926.jpg,92
927.jpg,92
928.jpg,92
929.jpg,20
930.jpg,32
931.jpg,98
932.jpg,32
933.jpg,98
934.jpg,77
935.jpg,98
936.jpg,32
937.jpg,77
938.jpg,77
939.jpg,77
940.jpg,79
941.jpg,43
942.jpg,98
943.jpg,42
944.jpg,95
945.jpg,32
946.jpg,43
947.jpg,43
948.jpg,79
949.jpg,77
950.jpg,95
951.jpg,98
952.jpg,98
953.jpg,95
954.jpg,95
955.jpg,95
956.jpg,95
957.jpg,98
958.jpg,95
959.jpg,98
960.jpg,98
961.jpg,98
962.jpg,43
963.jpg,43
964.jpg,39
965.jpg,43
966.jpg,43
967.jpg,98
968.jpg,43
969.jpg,43
970.jpg,32
971.jpg,32
972.jpg,97
973.jpg,97
974.jpg,98
975.jpg,97
976.jpg,32
977.jpg,77
978.jpg,98
979.jpg,97
980.jpg,98
981.jpg,98
982.jpg,98
983.jpg,98
984.jpg,98
985.jpg,98
986.jpg,98
987.jpg,98
988.jpg,98
989.jpg,98
990.jpg,98
991.jpg,98
992.jpg,99
993.jpg,43
994.jpg,98
995.jpg,99
996.jpg,99
997.jpg,99
998.jpg,77
999.jpg,98
