Image Path,Image Class
/Users/thomas/Documents/GitHub/CSE_144_Final_Project/Final_Project/train/train/61/8.jpg,61
/Users/thomas/Documents/GitHub/CSE_144_Final_Project/Final_Project/train/train/61/9.jpg,61
/Users/thomas/Documents/GitHub/CSE_144_Final_Project/Final_Project/train/train/61/4.jpg,61
/Users/thomas/Documents/GitHub/CSE_144_Final_Project/Final_Project/train/train/61/5.jpg,61
/Users/thomas/Documents/GitHub/CSE_144_Final_Project/Final_Project/train/train/61/7.jpg,61
/Users/thomas/Documents/GitHub/CSE_144_Final_Project/Final_Project/train/train/61/6.jpg,61
/Users/thomas/Documents/GitHub/CSE_144_Final_Project/Final_Project/train/train/61/2.jpg,61
/Users/thomas/Documents/GitHub/CSE_144_Final_Project/Final_Project/train/train/61/3.jpg,61
/Users/thomas/Documents/GitHub/CSE_144_Final_Project/Final_Project/train/train/61/1.jpg,61
/Users/thomas/Documents/GitHub/CSE_144_Final_Project/Final_Project/train/train/61/0.jpg,61
/Users/thomas/Documents/GitHub/CSE_144_Final_Project/Final_Project/train/train/95/8.jpg,95
/Users/thomas/Documents/GitHub/CSE_144_Final_Project/Final_Project/train/train/95/9.jpg,95
/Users/thomas/Documents/GitHub/CSE_144_Final_Project/Final_Project/train/train/95/4.jpg,95
/Users/thomas/Documents/GitHub/CSE_144_Final_Project/Final_Project/train/train/95/5.jpg,95
/Users/thomas/Documents/GitHub/CSE_144_Final_Project/Final_Project/train/train/95/7.jpg,95
/Users/thomas/Documents/GitHub/CSE_144_Final_Project/Final_Project/train/train/95/6.jpg,95
/Users/thomas/Documents/GitHub/CSE_144_Final_Project/Final_Project/train/train/95/2.jpg,95
/Users/thomas/Documents/GitHub/CSE_144_Final_Project/Final_Project/train/train/95/3.jpg,95
/Users/thomas/Documents/GitHub/CSE_144_Final_Project/Final_Project/train/train/95/1.jpg,95
/Users/thomas/Documents/GitHub/CSE_144_Final_Project/Final_Project/train/train/95/0.jpg,95
/Users/thomas/Documents/GitHub/CSE_144_Final_Project/Final_Project/train/train/59/8.jpg,59
/Users/thomas/Documents/GitHub/CSE_144_Final_Project/Final_Project/train/train/59/9.jpg,59
/Users/thomas/Documents/GitHub/CSE_144_Final_Project/Final_Project/train/train/59/4.jpg,59
/Users/thomas/Documents/GitHub/CSE_144_Final_Project/Final_Project/train/train/59/5.jpg,59
/Users/thomas/Documents/GitHub/CSE_144_Final_Project/Final_Project/train/train/59/7.jpg,59
/Users/thomas/Documents/GitHub/CSE_144_Final_Project/Final_Project/train/train/59/6.jpg,59
/Users/thomas/Documents/GitHub/CSE_144_Final_Project/Final_Project/train/train/59/2.jpg,59
/Users/thomas/Documents/GitHub/CSE_144_Final_Project/Final_Project/train/train/59/3.jpg,59
/Users/thomas/Documents/GitHub/CSE_144_Final_Project/Final_Project/train/train/59/1.jpg,59
/Users/thomas/Documents/GitHub/CSE_144_Final_Project/Final_Project/train/train/59/0.jpg,59
/Users/thomas/Documents/GitHub/CSE_144_Final_Project/Final_Project/train/train/92/8.jpg,92
/Users/thomas/Documents/GitHub/CSE_144_Final_Project/Final_Project/train/train/92/9.jpg,92
/Users/thomas/Documents/GitHub/CSE_144_Final_Project/Final_Project/train/train/92/4.jpg,92
/Users/thomas/Documents/GitHub/CSE_144_Final_Project/Final_Project/train/train/92/5.jpg,92
/Users/thomas/Documents/GitHub/CSE_144_Final_Project/Final_Project/train/train/92/7.jpg,92
/Users/thomas/Documents/GitHub/CSE_144_Final_Project/Final_Project/train/train/92/6.jpg,92
/Users/thomas/Documents/GitHub/CSE_144_Final_Project/Final_Project/train/train/92/2.jpg,92
/Users/thomas/Documents/GitHub/CSE_144_Final_Project/Final_Project/train/train/92/3.jpg,92
/Users/thomas/Documents/GitHub/CSE_144_Final_Project/Final_Project/train/train/92/1.jpg,92
/Users/thomas/Documents/GitHub/CSE_144_Final_Project/Final_Project/train/train/92/0.jpg,92
/Users/thomas/Documents/GitHub/CSE_144_Final_Project/Final_Project/train/train/66/8.jpg,66
/Users/thomas/Documents/GitHub/CSE_144_Final_Project/Final_Project/train/train/66/9.jpg,66
/Users/thomas/Documents/GitHub/CSE_144_Final_Project/Final_Project/train/train/66/4.jpg,66
/Users/thomas/Documents/GitHub/CSE_144_Final_Project/Final_Project/train/train/66/5.jpg,66
/Users/thomas/Documents/GitHub/CSE_144_Final_Project/Final_Project/train/train/66/7.jpg,66
/Users/thomas/Documents/GitHub/CSE_144_Final_Project/Final_Project/train/train/66/6.jpg,66
/Users/thomas/Documents/GitHub/CSE_144_Final_Project/Final_Project/train/train/66/2.jpg,66
/Users/thomas/Documents/GitHub/CSE_144_Final_Project/Final_Project/train/train/66/3.jpg,66
/Users/thomas/Documents/GitHub/CSE_144_Final_Project/Final_Project/train/train/66/1.jpg,66
/Users/thomas/Documents/GitHub/CSE_144_Final_Project/Final_Project/train/train/66/0.jpg,66
/Users/thomas/Documents/GitHub/CSE_144_Final_Project/Final_Project/train/train/50/8.jpg,50
/Users/thomas/Documents/GitHub/CSE_144_Final_Project/Final_Project/train/train/50/9.jpg,50
/Users/thomas/Documents/GitHub/CSE_144_Final_Project/Final_Project/train/train/50/4.jpg,50
/Users/thomas/Documents/GitHub/CSE_144_Final_Project/Final_Project/train/train/50/5.jpg,50
/Users/thomas/Documents/GitHub/CSE_144_Final_Project/Final_Project/train/train/50/7.jpg,50
/Users/thomas/Documents/GitHub/CSE_144_Final_Project/Final_Project/train/train/50/6.jpg,50
/Users/thomas/Documents/GitHub/CSE_144_Final_Project/Final_Project/train/train/50/2.jpg,50
/Users/thomas/Documents/GitHub/CSE_144_Final_Project/Final_Project/train/train/50/3.jpg,50
/Users/thomas/Documents/GitHub/CSE_144_Final_Project/Final_Project/train/train/50/1.jpg,50
/Users/thomas/Documents/GitHub/CSE_144_Final_Project/Final_Project/train/train/50/0.jpg,50
/Users/thomas/Documents/GitHub/CSE_144_Final_Project/Final_Project/train/train/68/8.jpg,68
/Users/thomas/Documents/GitHub/CSE_144_Final_Project/Final_Project/train/train/68/9.jpg,68
/Users/thomas/Documents/GitHub/CSE_144_Final_Project/Final_Project/train/train/68/4.jpg,68
/Users/thomas/Documents/GitHub/CSE_144_Final_Project/Final_Project/train/train/68/5.jpg,68
/Users/thomas/Documents/GitHub/CSE_144_Final_Project/Final_Project/train/train/68/7.jpg,68
/Users/thomas/Documents/GitHub/CSE_144_Final_Project/Final_Project/train/train/68/6.jpg,68
/Users/thomas/Documents/GitHub/CSE_144_Final_Project/Final_Project/train/train/68/2.jpg,68
/Users/thomas/Documents/GitHub/CSE_144_Final_Project/Final_Project/train/train/68/3.jpg,68
/Users/thomas/Documents/GitHub/CSE_144_Final_Project/Final_Project/train/train/68/1.jpg,68
/Users/thomas/Documents/GitHub/CSE_144_Final_Project/Final_Project/train/train/68/0.jpg,68
/Users/thomas/Documents/GitHub/CSE_144_Final_Project/Final_Project/train/train/57/8.jpg,57
/Users/thomas/Documents/GitHub/CSE_144_Final_Project/Final_Project/train/train/57/9.jpg,57
/Users/thomas/Documents/GitHub/CSE_144_Final_Project/Final_Project/train/train/57/4.jpg,57
/Users/thomas/Documents/GitHub/CSE_144_Final_Project/Final_Project/train/train/57/5.jpg,57
/Users/thomas/Documents/GitHub/CSE_144_Final_Project/Final_Project/train/train/57/7.jpg,57
/Users/thomas/Documents/GitHub/CSE_144_Final_Project/Final_Project/train/train/57/6.jpg,57
/Users/thomas/Documents/GitHub/CSE_144_Final_Project/Final_Project/train/train/57/2.jpg,57
/Users/thomas/Documents/GitHub/CSE_144_Final_Project/Final_Project/train/train/57/3.jpg,57
/Users/thomas/Documents/GitHub/CSE_144_Final_Project/Final_Project/train/train/57/1.jpg,57
/Users/thomas/Documents/GitHub/CSE_144_Final_Project/Final_Project/train/train/57/0.jpg,57
/Users/thomas/Documents/GitHub/CSE_144_Final_Project/Final_Project/train/train/32/8.jpg,32
/Users/thomas/Documents/GitHub/CSE_144_Final_Project/Final_Project/train/train/32/9.jpg,32
/Users/thomas/Documents/GitHub/CSE_144_Final_Project/Final_Project/train/train/32/4.jpg,32
/Users/thomas/Documents/GitHub/CSE_144_Final_Project/Final_Project/train/train/32/5.jpg,32
/Users/thomas/Documents/GitHub/CSE_144_Final_Project/Final_Project/train/train/32/7.jpg,32
/Users/thomas/Documents/GitHub/CSE_144_Final_Project/Final_Project/train/train/32/6.jpg,32
/Users/thomas/Documents/GitHub/CSE_144_Final_Project/Final_Project/train/train/32/2.jpg,32
/Users/thomas/Documents/GitHub/CSE_144_Final_Project/Final_Project/train/train/32/3.jpg,32
/Users/thomas/Documents/GitHub/CSE_144_Final_Project/Final_Project/train/train/32/1.jpg,32
/Users/thomas/Documents/GitHub/CSE_144_Final_Project/Final_Project/train/train/32/0.jpg,32
/Users/thomas/Documents/GitHub/CSE_144_Final_Project/Final_Project/train/train/35/8.jpg,35
/Users/thomas/Documents/GitHub/CSE_144_Final_Project/Final_Project/train/train/35/9.jpg,35
/Users/thomas/Documents/GitHub/CSE_144_Final_Project/Final_Project/train/train/35/4.jpg,35
/Users/thomas/Documents/GitHub/CSE_144_Final_Project/Final_Project/train/train/35/5.jpg,35
/Users/thomas/Documents/GitHub/CSE_144_Final_Project/Final_Project/train/train/35/7.jpg,35
/Users/thomas/Documents/GitHub/CSE_144_Final_Project/Final_Project/train/train/35/6.jpg,35
/Users/thomas/Documents/GitHub/CSE_144_Final_Project/Final_Project/train/train/35/2.jpg,35
/Users/thomas/Documents/GitHub/CSE_144_Final_Project/Final_Project/train/train/35/3.jpg,35
/Users/thomas/Documents/GitHub/CSE_144_Final_Project/Final_Project/train/train/35/1.jpg,35
/Users/thomas/Documents/GitHub/CSE_144_Final_Project/Final_Project/train/train/35/0.jpg,35
/Users/thomas/Documents/GitHub/CSE_144_Final_Project/Final_Project/train/train/69/8.jpg,69
/Users/thomas/Documents/GitHub/CSE_144_Final_Project/Final_Project/train/train/69/9.jpg,69
/Users/thomas/Documents/GitHub/CSE_144_Final_Project/Final_Project/train/train/69/4.jpg,69
/Users/thomas/Documents/GitHub/CSE_144_Final_Project/Final_Project/train/train/69/5.jpg,69
/Users/thomas/Documents/GitHub/CSE_144_Final_Project/Final_Project/train/train/69/7.jpg,69
/Users/thomas/Documents/GitHub/CSE_144_Final_Project/Final_Project/train/train/69/6.jpg,69
/Users/thomas/Documents/GitHub/CSE_144_Final_Project/Final_Project/train/train/69/2.jpg,69
/Users/thomas/Documents/GitHub/CSE_144_Final_Project/Final_Project/train/train/69/3.jpg,69
/Users/thomas/Documents/GitHub/CSE_144_Final_Project/Final_Project/train/train/69/1.jpg,69
/Users/thomas/Documents/GitHub/CSE_144_Final_Project/Final_Project/train/train/69/0.jpg,69
/Users/thomas/Documents/GitHub/CSE_144_Final_Project/Final_Project/train/train/56/8.jpg,56
/Users/thomas/Documents/GitHub/CSE_144_Final_Project/Final_Project/train/train/56/9.jpg,56
/Users/thomas/Documents/GitHub/CSE_144_Final_Project/Final_Project/train/train/56/4.jpg,56
/Users/thomas/Documents/GitHub/CSE_144_Final_Project/Final_Project/train/train/56/5.jpg,56
/Users/thomas/Documents/GitHub/CSE_144_Final_Project/Final_Project/train/train/56/7.jpg,56
/Users/thomas/Documents/GitHub/CSE_144_Final_Project/Final_Project/train/train/56/6.jpg,56
/Users/thomas/Documents/GitHub/CSE_144_Final_Project/Final_Project/train/train/56/2.jpg,56
/Users/thomas/Documents/GitHub/CSE_144_Final_Project/Final_Project/train/train/56/3.jpg,56
/Users/thomas/Documents/GitHub/CSE_144_Final_Project/Final_Project/train/train/56/1.jpg,56
/Users/thomas/Documents/GitHub/CSE_144_Final_Project/Final_Project/train/train/56/0.jpg,56
/Users/thomas/Documents/GitHub/CSE_144_Final_Project/Final_Project/train/train/51/8.jpg,51
/Users/thomas/Documents/GitHub/CSE_144_Final_Project/Final_Project/train/train/51/9.jpg,51
/Users/thomas/Documents/GitHub/CSE_144_Final_Project/Final_Project/train/train/51/4.jpg,51
/Users/thomas/Documents/GitHub/CSE_144_Final_Project/Final_Project/train/train/51/5.jpg,51
/Users/thomas/Documents/GitHub/CSE_144_Final_Project/Final_Project/train/train/51/7.jpg,51
/Users/thomas/Documents/GitHub/CSE_144_Final_Project/Final_Project/train/train/51/6.jpg,51
/Users/thomas/Documents/GitHub/CSE_144_Final_Project/Final_Project/train/train/51/2.jpg,51
/Users/thomas/Documents/GitHub/CSE_144_Final_Project/Final_Project/train/train/51/3.jpg,51
/Users/thomas/Documents/GitHub/CSE_144_Final_Project/Final_Project/train/train/51/1.jpg,51
/Users/thomas/Documents/GitHub/CSE_144_Final_Project/Final_Project/train/train/51/0.jpg,51
/Users/thomas/Documents/GitHub/CSE_144_Final_Project/Final_Project/train/train/58/8.jpg,58
/Users/thomas/Documents/GitHub/CSE_144_Final_Project/Final_Project/train/train/58/9.jpg,58
/Users/thomas/Documents/GitHub/CSE_144_Final_Project/Final_Project/train/train/58/4.jpg,58
/Users/thomas/Documents/GitHub/CSE_144_Final_Project/Final_Project/train/train/58/5.jpg,58
/Users/thomas/Documents/GitHub/CSE_144_Final_Project/Final_Project/train/train/58/7.jpg,58
/Users/thomas/Documents/GitHub/CSE_144_Final_Project/Final_Project/train/train/58/6.jpg,58
/Users/thomas/Documents/GitHub/CSE_144_Final_Project/Final_Project/train/train/58/2.jpg,58
/Users/thomas/Documents/GitHub/CSE_144_Final_Project/Final_Project/train/train/58/3.jpg,58
/Users/thomas/Documents/GitHub/CSE_144_Final_Project/Final_Project/train/train/58/1.jpg,58
/Users/thomas/Documents/GitHub/CSE_144_Final_Project/Final_Project/train/train/58/0.jpg,58
/Users/thomas/Documents/GitHub/CSE_144_Final_Project/Final_Project/train/train/67/8.jpg,67
/Users/thomas/Documents/GitHub/CSE_144_Final_Project/Final_Project/train/train/67/9.jpg,67
/Users/thomas/Documents/GitHub/CSE_144_Final_Project/Final_Project/train/train/67/4.jpg,67
/Users/thomas/Documents/GitHub/CSE_144_Final_Project/Final_Project/train/train/67/5.jpg,67
/Users/thomas/Documents/GitHub/CSE_144_Final_Project/Final_Project/train/train/67/7.jpg,67
/Users/thomas/Documents/GitHub/CSE_144_Final_Project/Final_Project/train/train/67/6.jpg,67
/Users/thomas/Documents/GitHub/CSE_144_Final_Project/Final_Project/train/train/67/2.jpg,67
/Users/thomas/Documents/GitHub/CSE_144_Final_Project/Final_Project/train/train/67/3.jpg,67
/Users/thomas/Documents/GitHub/CSE_144_Final_Project/Final_Project/train/train/67/1.jpg,67
/Users/thomas/Documents/GitHub/CSE_144_Final_Project/Final_Project/train/train/67/0.jpg,67
/Users/thomas/Documents/GitHub/CSE_144_Final_Project/Final_Project/train/train/93/8.jpg,93
/Users/thomas/Documents/GitHub/CSE_144_Final_Project/Final_Project/train/train/93/9.jpg,93
/Users/thomas/Documents/GitHub/CSE_144_Final_Project/Final_Project/train/train/93/4.jpg,93
/Users/thomas/Documents/GitHub/CSE_144_Final_Project/Final_Project/train/train/93/5.jpg,93
/Users/thomas/Documents/GitHub/CSE_144_Final_Project/Final_Project/train/train/93/7.jpg,93
/Users/thomas/Documents/GitHub/CSE_144_Final_Project/Final_Project/train/train/93/6.jpg,93
/Users/thomas/Documents/GitHub/CSE_144_Final_Project/Final_Project/train/train/93/2.jpg,93
/Users/thomas/Documents/GitHub/CSE_144_Final_Project/Final_Project/train/train/93/3.jpg,93
/Users/thomas/Documents/GitHub/CSE_144_Final_Project/Final_Project/train/train/93/1.jpg,93
/Users/thomas/Documents/GitHub/CSE_144_Final_Project/Final_Project/train/train/93/0.jpg,93
/Users/thomas/Documents/GitHub/CSE_144_Final_Project/Final_Project/train/train/94/8.jpg,94
/Users/thomas/Documents/GitHub/CSE_144_Final_Project/Final_Project/train/train/94/9.jpg,94
/Users/thomas/Documents/GitHub/CSE_144_Final_Project/Final_Project/train/train/94/4.jpg,94
/Users/thomas/Documents/GitHub/CSE_144_Final_Project/Final_Project/train/train/94/5.jpg,94
/Users/thomas/Documents/GitHub/CSE_144_Final_Project/Final_Project/train/train/94/7.jpg,94
/Users/thomas/Documents/GitHub/CSE_144_Final_Project/Final_Project/train/train/94/6.jpg,94
/Users/thomas/Documents/GitHub/CSE_144_Final_Project/Final_Project/train/train/94/2.jpg,94
/Users/thomas/Documents/GitHub/CSE_144_Final_Project/Final_Project/train/train/94/3.jpg,94
/Users/thomas/Documents/GitHub/CSE_144_Final_Project/Final_Project/train/train/94/1.jpg,94
/Users/thomas/Documents/GitHub/CSE_144_Final_Project/Final_Project/train/train/94/0.jpg,94
/Users/thomas/Documents/GitHub/CSE_144_Final_Project/Final_Project/train/train/60/8.jpg,60
/Users/thomas/Documents/GitHub/CSE_144_Final_Project/Final_Project/train/train/60/9.jpg,60
/Users/thomas/Documents/GitHub/CSE_144_Final_Project/Final_Project/train/train/60/4.jpg,60
/Users/thomas/Documents/GitHub/CSE_144_Final_Project/Final_Project/train/train/60/5.jpg,60
/Users/thomas/Documents/GitHub/CSE_144_Final_Project/Final_Project/train/train/60/7.jpg,60
/Users/thomas/Documents/GitHub/CSE_144_Final_Project/Final_Project/train/train/60/6.jpg,60
/Users/thomas/Documents/GitHub/CSE_144_Final_Project/Final_Project/train/train/60/2.jpg,60
/Users/thomas/Documents/GitHub/CSE_144_Final_Project/Final_Project/train/train/60/3.jpg,60
/Users/thomas/Documents/GitHub/CSE_144_Final_Project/Final_Project/train/train/60/1.jpg,60
/Users/thomas/Documents/GitHub/CSE_144_Final_Project/Final_Project/train/train/60/0.jpg,60
/Users/thomas/Documents/GitHub/CSE_144_Final_Project/Final_Project/train/train/34/8.jpg,34
/Users/thomas/Documents/GitHub/CSE_144_Final_Project/Final_Project/train/train/34/9.jpg,34
/Users/thomas/Documents/GitHub/CSE_144_Final_Project/Final_Project/train/train/34/4.jpg,34
/Users/thomas/Documents/GitHub/CSE_144_Final_Project/Final_Project/train/train/34/5.jpg,34
/Users/thomas/Documents/GitHub/CSE_144_Final_Project/Final_Project/train/train/34/7.jpg,34
/Users/thomas/Documents/GitHub/CSE_144_Final_Project/Final_Project/train/train/34/6.jpg,34
/Users/thomas/Documents/GitHub/CSE_144_Final_Project/Final_Project/train/train/34/2.jpg,34
/Users/thomas/Documents/GitHub/CSE_144_Final_Project/Final_Project/train/train/34/3.jpg,34
/Users/thomas/Documents/GitHub/CSE_144_Final_Project/Final_Project/train/train/34/1.jpg,34
/Users/thomas/Documents/GitHub/CSE_144_Final_Project/Final_Project/train/train/34/0.jpg,34
/Users/thomas/Documents/GitHub/CSE_144_Final_Project/Final_Project/train/train/33/8.jpg,33
/Users/thomas/Documents/GitHub/CSE_144_Final_Project/Final_Project/train/train/33/9.jpg,33
/Users/thomas/Documents/GitHub/CSE_144_Final_Project/Final_Project/train/train/33/4.jpg,33
/Users/thomas/Documents/GitHub/CSE_144_Final_Project/Final_Project/train/train/33/5.jpg,33
/Users/thomas/Documents/GitHub/CSE_144_Final_Project/Final_Project/train/train/33/7.jpg,33
/Users/thomas/Documents/GitHub/CSE_144_Final_Project/Final_Project/train/train/33/6.jpg,33
/Users/thomas/Documents/GitHub/CSE_144_Final_Project/Final_Project/train/train/33/2.jpg,33
/Users/thomas/Documents/GitHub/CSE_144_Final_Project/Final_Project/train/train/33/3.jpg,33
/Users/thomas/Documents/GitHub/CSE_144_Final_Project/Final_Project/train/train/33/1.jpg,33
/Users/thomas/Documents/GitHub/CSE_144_Final_Project/Final_Project/train/train/33/0.jpg,33
/Users/thomas/Documents/GitHub/CSE_144_Final_Project/Final_Project/train/train/20/8.jpg,20
/Users/thomas/Documents/GitHub/CSE_144_Final_Project/Final_Project/train/train/20/9.jpg,20
/Users/thomas/Documents/GitHub/CSE_144_Final_Project/Final_Project/train/train/20/4.jpg,20
/Users/thomas/Documents/GitHub/CSE_144_Final_Project/Final_Project/train/train/20/5.jpg,20
/Users/thomas/Documents/GitHub/CSE_144_Final_Project/Final_Project/train/train/20/7.jpg,20
/Users/thomas/Documents/GitHub/CSE_144_Final_Project/Final_Project/train/train/20/6.jpg,20
/Users/thomas/Documents/GitHub/CSE_144_Final_Project/Final_Project/train/train/20/2.jpg,20
/Users/thomas/Documents/GitHub/CSE_144_Final_Project/Final_Project/train/train/20/3.jpg,20
/Users/thomas/Documents/GitHub/CSE_144_Final_Project/Final_Project/train/train/20/1.jpg,20
/Users/thomas/Documents/GitHub/CSE_144_Final_Project/Final_Project/train/train/20/0.jpg,20
/Users/thomas/Documents/GitHub/CSE_144_Final_Project/Final_Project/train/train/18/8.jpg,18
/Users/thomas/Documents/GitHub/CSE_144_Final_Project/Final_Project/train/train/18/9.jpg,18
/Users/thomas/Documents/GitHub/CSE_144_Final_Project/Final_Project/train/train/18/4.jpg,18
/Users/thomas/Documents/GitHub/CSE_144_Final_Project/Final_Project/train/train/18/5.jpg,18
/Users/thomas/Documents/GitHub/CSE_144_Final_Project/Final_Project/train/train/18/7.jpg,18
/Users/thomas/Documents/GitHub/CSE_144_Final_Project/Final_Project/train/train/18/6.jpg,18
/Users/thomas/Documents/GitHub/CSE_144_Final_Project/Final_Project/train/train/18/2.jpg,18
/Users/thomas/Documents/GitHub/CSE_144_Final_Project/Final_Project/train/train/18/3.jpg,18
/Users/thomas/Documents/GitHub/CSE_144_Final_Project/Final_Project/train/train/18/1.jpg,18
/Users/thomas/Documents/GitHub/CSE_144_Final_Project/Final_Project/train/train/18/0.jpg,18
/Users/thomas/Documents/GitHub/CSE_144_Final_Project/Final_Project/train/train/27/8.jpg,27
/Users/thomas/Documents/GitHub/CSE_144_Final_Project/Final_Project/train/train/27/9.jpg,27
/Users/thomas/Documents/GitHub/CSE_144_Final_Project/Final_Project/train/train/27/4.jpg,27
/Users/thomas/Documents/GitHub/CSE_144_Final_Project/Final_Project/train/train/27/5.jpg,27
/Users/thomas/Documents/GitHub/CSE_144_Final_Project/Final_Project/train/train/27/7.jpg,27
/Users/thomas/Documents/GitHub/CSE_144_Final_Project/Final_Project/train/train/27/6.jpg,27
/Users/thomas/Documents/GitHub/CSE_144_Final_Project/Final_Project/train/train/27/2.jpg,27
/Users/thomas/Documents/GitHub/CSE_144_Final_Project/Final_Project/train/train/27/3.jpg,27
/Users/thomas/Documents/GitHub/CSE_144_Final_Project/Final_Project/train/train/27/1.jpg,27
/Users/thomas/Documents/GitHub/CSE_144_Final_Project/Final_Project/train/train/27/0.jpg,27
/Users/thomas/Documents/GitHub/CSE_144_Final_Project/Final_Project/train/train/9/8.jpg,9
/Users/thomas/Documents/GitHub/CSE_144_Final_Project/Final_Project/train/train/9/9.jpg,9
/Users/thomas/Documents/GitHub/CSE_144_Final_Project/Final_Project/train/train/9/4.jpg,9
/Users/thomas/Documents/GitHub/CSE_144_Final_Project/Final_Project/train/train/9/5.jpg,9
/Users/thomas/Documents/GitHub/CSE_144_Final_Project/Final_Project/train/train/9/7.jpg,9
/Users/thomas/Documents/GitHub/CSE_144_Final_Project/Final_Project/train/train/9/6.jpg,9
/Users/thomas/Documents/GitHub/CSE_144_Final_Project/Final_Project/train/train/9/2.jpg,9
/Users/thomas/Documents/GitHub/CSE_144_Final_Project/Final_Project/train/train/9/3.jpg,9
/Users/thomas/Documents/GitHub/CSE_144_Final_Project/Final_Project/train/train/9/1.jpg,9
/Users/thomas/Documents/GitHub/CSE_144_Final_Project/Final_Project/train/train/9/0.jpg,9
/Users/thomas/Documents/GitHub/CSE_144_Final_Project/Final_Project/train/train/0/8.jpg,0
/Users/thomas/Documents/GitHub/CSE_144_Final_Project/Final_Project/train/train/0/9.jpg,0
/Users/thomas/Documents/GitHub/CSE_144_Final_Project/Final_Project/train/train/0/4.jpg,0
/Users/thomas/Documents/GitHub/CSE_144_Final_Project/Final_Project/train/train/0/5.jpg,0
/Users/thomas/Documents/GitHub/CSE_144_Final_Project/Final_Project/train/train/0/7.jpg,0
/Users/thomas/Documents/GitHub/CSE_144_Final_Project/Final_Project/train/train/0/6.jpg,0
/Users/thomas/Documents/GitHub/CSE_144_Final_Project/Final_Project/train/train/0/2.jpg,0
/Users/thomas/Documents/GitHub/CSE_144_Final_Project/Final_Project/train/train/0/3.jpg,0
/Users/thomas/Documents/GitHub/CSE_144_Final_Project/Final_Project/train/train/0/1.jpg,0
/Users/thomas/Documents/GitHub/CSE_144_Final_Project/Final_Project/train/train/0/0.jpg,0
/Users/thomas/Documents/GitHub/CSE_144_Final_Project/Final_Project/train/train/11/8.jpg,11
/Users/thomas/Documents/GitHub/CSE_144_Final_Project/Final_Project/train/train/11/9.jpg,11
/Users/thomas/Documents/GitHub/CSE_144_Final_Project/Final_Project/train/train/11/4.jpg,11
/Users/thomas/Documents/GitHub/CSE_144_Final_Project/Final_Project/train/train/11/5.jpg,11
/Users/thomas/Documents/GitHub/CSE_144_Final_Project/Final_Project/train/train/11/7.jpg,11
/Users/thomas/Documents/GitHub/CSE_144_Final_Project/Final_Project/train/train/11/6.jpg,11
/Users/thomas/Documents/GitHub/CSE_144_Final_Project/Final_Project/train/train/11/2.jpg,11
/Users/thomas/Documents/GitHub/CSE_144_Final_Project/Final_Project/train/train/11/3.jpg,11
/Users/thomas/Documents/GitHub/CSE_144_Final_Project/Final_Project/train/train/11/1.jpg,11
/Users/thomas/Documents/GitHub/CSE_144_Final_Project/Final_Project/train/train/11/0.jpg,11
/Users/thomas/Documents/GitHub/CSE_144_Final_Project/Final_Project/train/train/7/8.jpg,7
/Users/thomas/Documents/GitHub/CSE_144_Final_Project/Final_Project/train/train/7/9.jpg,7
/Users/thomas/Documents/GitHub/CSE_144_Final_Project/Final_Project/train/train/7/4.jpg,7
/Users/thomas/Documents/GitHub/CSE_144_Final_Project/Final_Project/train/train/7/5.jpg,7
/Users/thomas/Documents/GitHub/CSE_144_Final_Project/Final_Project/train/train/7/7.jpg,7
/Users/thomas/Documents/GitHub/CSE_144_Final_Project/Final_Project/train/train/7/6.jpg,7
/Users/thomas/Documents/GitHub/CSE_144_Final_Project/Final_Project/train/train/7/2.jpg,7
/Users/thomas/Documents/GitHub/CSE_144_Final_Project/Final_Project/train/train/7/3.jpg,7
/Users/thomas/Documents/GitHub/CSE_144_Final_Project/Final_Project/train/train/7/1.jpg,7
/Users/thomas/Documents/GitHub/CSE_144_Final_Project/Final_Project/train/train/7/0.jpg,7
/Users/thomas/Documents/GitHub/CSE_144_Final_Project/Final_Project/train/train/29/8.jpg,29
/Users/thomas/Documents/GitHub/CSE_144_Final_Project/Final_Project/train/train/29/9.jpg,29
/Users/thomas/Documents/GitHub/CSE_144_Final_Project/Final_Project/train/train/29/4.jpg,29
/Users/thomas/Documents/GitHub/CSE_144_Final_Project/Final_Project/train/train/29/5.jpg,29
/Users/thomas/Documents/GitHub/CSE_144_Final_Project/Final_Project/train/train/29/7.jpg,29
/Users/thomas/Documents/GitHub/CSE_144_Final_Project/Final_Project/train/train/29/6.jpg,29
/Users/thomas/Documents/GitHub/CSE_144_Final_Project/Final_Project/train/train/29/2.jpg,29
/Users/thomas/Documents/GitHub/CSE_144_Final_Project/Final_Project/train/train/29/3.jpg,29
/Users/thomas/Documents/GitHub/CSE_144_Final_Project/Final_Project/train/train/29/1.jpg,29
/Users/thomas/Documents/GitHub/CSE_144_Final_Project/Final_Project/train/train/29/0.jpg,29
/Users/thomas/Documents/GitHub/CSE_144_Final_Project/Final_Project/train/train/16/8.jpg,16
/Users/thomas/Documents/GitHub/CSE_144_Final_Project/Final_Project/train/train/16/9.jpg,16
/Users/thomas/Documents/GitHub/CSE_144_Final_Project/Final_Project/train/train/16/4.jpg,16
/Users/thomas/Documents/GitHub/CSE_144_Final_Project/Final_Project/train/train/16/5.jpg,16
/Users/thomas/Documents/GitHub/CSE_144_Final_Project/Final_Project/train/train/16/7.jpg,16
/Users/thomas/Documents/GitHub/CSE_144_Final_Project/Final_Project/train/train/16/6.jpg,16
/Users/thomas/Documents/GitHub/CSE_144_Final_Project/Final_Project/train/train/16/2.jpg,16
/Users/thomas/Documents/GitHub/CSE_144_Final_Project/Final_Project/train/train/16/3.jpg,16
/Users/thomas/Documents/GitHub/CSE_144_Final_Project/Final_Project/train/train/16/1.jpg,16
/Users/thomas/Documents/GitHub/CSE_144_Final_Project/Final_Project/train/train/16/0.jpg,16
/Users/thomas/Documents/GitHub/CSE_144_Final_Project/Final_Project/train/train/42/8.jpg,42
/Users/thomas/Documents/GitHub/CSE_144_Final_Project/Final_Project/train/train/42/9.jpg,42
/Users/thomas/Documents/GitHub/CSE_144_Final_Project/Final_Project/train/train/42/4.jpg,42
/Users/thomas/Documents/GitHub/CSE_144_Final_Project/Final_Project/train/train/42/5.jpg,42
/Users/thomas/Documents/GitHub/CSE_144_Final_Project/Final_Project/train/train/42/7.jpg,42
/Users/thomas/Documents/GitHub/CSE_144_Final_Project/Final_Project/train/train/42/6.jpg,42
/Users/thomas/Documents/GitHub/CSE_144_Final_Project/Final_Project/train/train/42/2.jpg,42
/Users/thomas/Documents/GitHub/CSE_144_Final_Project/Final_Project/train/train/42/3.jpg,42
/Users/thomas/Documents/GitHub/CSE_144_Final_Project/Final_Project/train/train/42/1.jpg,42
/Users/thomas/Documents/GitHub/CSE_144_Final_Project/Final_Project/train/train/42/0.jpg,42
/Users/thomas/Documents/GitHub/CSE_144_Final_Project/Final_Project/train/train/89/8.jpg,89
/Users/thomas/Documents/GitHub/CSE_144_Final_Project/Final_Project/train/train/89/9.jpg,89
/Users/thomas/Documents/GitHub/CSE_144_Final_Project/Final_Project/train/train/89/4.jpg,89
/Users/thomas/Documents/GitHub/CSE_144_Final_Project/Final_Project/train/train/89/5.jpg,89
/Users/thomas/Documents/GitHub/CSE_144_Final_Project/Final_Project/train/train/89/7.jpg,89
/Users/thomas/Documents/GitHub/CSE_144_Final_Project/Final_Project/train/train/89/6.jpg,89
/Users/thomas/Documents/GitHub/CSE_144_Final_Project/Final_Project/train/train/89/2.jpg,89
/Users/thomas/Documents/GitHub/CSE_144_Final_Project/Final_Project/train/train/89/3.jpg,89
/Users/thomas/Documents/GitHub/CSE_144_Final_Project/Final_Project/train/train/89/1.jpg,89
/Users/thomas/Documents/GitHub/CSE_144_Final_Project/Final_Project/train/train/89/0.jpg,89
/Users/thomas/Documents/GitHub/CSE_144_Final_Project/Final_Project/train/train/45/8.jpg,45
/Users/thomas/Documents/GitHub/CSE_144_Final_Project/Final_Project/train/train/45/9.jpg,45
/Users/thomas/Documents/GitHub/CSE_144_Final_Project/Final_Project/train/train/45/4.jpg,45
/Users/thomas/Documents/GitHub/CSE_144_Final_Project/Final_Project/train/train/45/5.jpg,45
/Users/thomas/Documents/GitHub/CSE_144_Final_Project/Final_Project/train/train/45/7.jpg,45
/Users/thomas/Documents/GitHub/CSE_144_Final_Project/Final_Project/train/train/45/6.jpg,45
/Users/thomas/Documents/GitHub/CSE_144_Final_Project/Final_Project/train/train/45/2.jpg,45
/Users/thomas/Documents/GitHub/CSE_144_Final_Project/Final_Project/train/train/45/3.jpg,45
/Users/thomas/Documents/GitHub/CSE_144_Final_Project/Final_Project/train/train/45/1.jpg,45
/Users/thomas/Documents/GitHub/CSE_144_Final_Project/Final_Project/train/train/45/0.jpg,45
/Users/thomas/Documents/GitHub/CSE_144_Final_Project/Final_Project/train/train/73/8.jpg,73
/Users/thomas/Documents/GitHub/CSE_144_Final_Project/Final_Project/train/train/73/9.jpg,73
/Users/thomas/Documents/GitHub/CSE_144_Final_Project/Final_Project/train/train/73/4.jpg,73
/Users/thomas/Documents/GitHub/CSE_144_Final_Project/Final_Project/train/train/73/5.jpg,73
/Users/thomas/Documents/GitHub/CSE_144_Final_Project/Final_Project/train/train/73/7.jpg,73
/Users/thomas/Documents/GitHub/CSE_144_Final_Project/Final_Project/train/train/73/6.jpg,73
/Users/thomas/Documents/GitHub/CSE_144_Final_Project/Final_Project/train/train/73/2.jpg,73
/Users/thomas/Documents/GitHub/CSE_144_Final_Project/Final_Project/train/train/73/3.jpg,73
/Users/thomas/Documents/GitHub/CSE_144_Final_Project/Final_Project/train/train/73/1.jpg,73
/Users/thomas/Documents/GitHub/CSE_144_Final_Project/Final_Project/train/train/73/0.jpg,73
/Users/thomas/Documents/GitHub/CSE_144_Final_Project/Final_Project/train/train/87/8.jpg,87
/Users/thomas/Documents/GitHub/CSE_144_Final_Project/Final_Project/train/train/87/9.jpg,87
/Users/thomas/Documents/GitHub/CSE_144_Final_Project/Final_Project/train/train/87/4.jpg,87
/Users/thomas/Documents/GitHub/CSE_144_Final_Project/Final_Project/train/train/87/5.jpg,87
/Users/thomas/Documents/GitHub/CSE_144_Final_Project/Final_Project/train/train/87/7.jpg,87
/Users/thomas/Documents/GitHub/CSE_144_Final_Project/Final_Project/train/train/87/6.jpg,87
/Users/thomas/Documents/GitHub/CSE_144_Final_Project/Final_Project/train/train/87/2.jpg,87
/Users/thomas/Documents/GitHub/CSE_144_Final_Project/Final_Project/train/train/87/3.jpg,87
/Users/thomas/Documents/GitHub/CSE_144_Final_Project/Final_Project/train/train/87/1.jpg,87
/Users/thomas/Documents/GitHub/CSE_144_Final_Project/Final_Project/train/train/87/0.jpg,87
/Users/thomas/Documents/GitHub/CSE_144_Final_Project/Final_Project/train/train/80/8.jpg,80
/Users/thomas/Documents/GitHub/CSE_144_Final_Project/Final_Project/train/train/80/9.jpg,80
/Users/thomas/Documents/GitHub/CSE_144_Final_Project/Final_Project/train/train/80/4.jpg,80
/Users/thomas/Documents/GitHub/CSE_144_Final_Project/Final_Project/train/train/80/5.jpg,80
/Users/thomas/Documents/GitHub/CSE_144_Final_Project/Final_Project/train/train/80/7.jpg,80
/Users/thomas/Documents/GitHub/CSE_144_Final_Project/Final_Project/train/train/80/6.jpg,80
/Users/thomas/Documents/GitHub/CSE_144_Final_Project/Final_Project/train/train/80/2.jpg,80
/Users/thomas/Documents/GitHub/CSE_144_Final_Project/Final_Project/train/train/80/3.jpg,80
/Users/thomas/Documents/GitHub/CSE_144_Final_Project/Final_Project/train/train/80/1.jpg,80
/Users/thomas/Documents/GitHub/CSE_144_Final_Project/Final_Project/train/train/80/0.jpg,80
/Users/thomas/Documents/GitHub/CSE_144_Final_Project/Final_Project/train/train/74/8.jpg,74
/Users/thomas/Documents/GitHub/CSE_144_Final_Project/Final_Project/train/train/74/9.jpg,74
/Users/thomas/Documents/GitHub/CSE_144_Final_Project/Final_Project/train/train/74/4.jpg,74
/Users/thomas/Documents/GitHub/CSE_144_Final_Project/Final_Project/train/train/74/5.jpg,74
/Users/thomas/Documents/GitHub/CSE_144_Final_Project/Final_Project/train/train/74/7.jpg,74
/Users/thomas/Documents/GitHub/CSE_144_Final_Project/Final_Project/train/train/74/6.jpg,74
/Users/thomas/Documents/GitHub/CSE_144_Final_Project/Final_Project/train/train/74/2.jpg,74
/Users/thomas/Documents/GitHub/CSE_144_Final_Project/Final_Project/train/train/74/3.jpg,74
/Users/thomas/Documents/GitHub/CSE_144_Final_Project/Final_Project/train/train/74/1.jpg,74
/Users/thomas/Documents/GitHub/CSE_144_Final_Project/Final_Project/train/train/74/0.jpg,74
/Users/thomas/Documents/GitHub/CSE_144_Final_Project/Final_Project/train/train/6/8.jpg,6
/Users/thomas/Documents/GitHub/CSE_144_Final_Project/Final_Project/train/train/6/9.jpg,6
/Users/thomas/Documents/GitHub/CSE_144_Final_Project/Final_Project/train/train/6/4.jpg,6
/Users/thomas/Documents/GitHub/CSE_144_Final_Project/Final_Project/train/train/6/5.jpg,6
/Users/thomas/Documents/GitHub/CSE_144_Final_Project/Final_Project/train/train/6/7.jpg,6
/Users/thomas/Documents/GitHub/CSE_144_Final_Project/Final_Project/train/train/6/6.jpg,6
/Users/thomas/Documents/GitHub/CSE_144_Final_Project/Final_Project/train/train/6/2.jpg,6
/Users/thomas/Documents/GitHub/CSE_144_Final_Project/Final_Project/train/train/6/3.jpg,6
/Users/thomas/Documents/GitHub/CSE_144_Final_Project/Final_Project/train/train/6/1.jpg,6
/Users/thomas/Documents/GitHub/CSE_144_Final_Project/Final_Project/train/train/6/0.jpg,6
/Users/thomas/Documents/GitHub/CSE_144_Final_Project/Final_Project/train/train/28/8.jpg,28
/Users/thomas/Documents/GitHub/CSE_144_Final_Project/Final_Project/train/train/28/9.jpg,28
/Users/thomas/Documents/GitHub/CSE_144_Final_Project/Final_Project/train/train/28/4.jpg,28
/Users/thomas/Documents/GitHub/CSE_144_Final_Project/Final_Project/train/train/28/5.jpg,28
/Users/thomas/Documents/GitHub/CSE_144_Final_Project/Final_Project/train/train/28/7.jpg,28
/Users/thomas/Documents/GitHub/CSE_144_Final_Project/Final_Project/train/train/28/6.jpg,28
/Users/thomas/Documents/GitHub/CSE_144_Final_Project/Final_Project/train/train/28/2.jpg,28
/Users/thomas/Documents/GitHub/CSE_144_Final_Project/Final_Project/train/train/28/3.jpg,28
/Users/thomas/Documents/GitHub/CSE_144_Final_Project/Final_Project/train/train/28/1.jpg,28
/Users/thomas/Documents/GitHub/CSE_144_Final_Project/Final_Project/train/train/28/0.jpg,28
/Users/thomas/Documents/GitHub/CSE_144_Final_Project/Final_Project/train/train/17/8.jpg,17
/Users/thomas/Documents/GitHub/CSE_144_Final_Project/Final_Project/train/train/17/9.jpg,17
/Users/thomas/Documents/GitHub/CSE_144_Final_Project/Final_Project/train/train/17/4.jpg,17
/Users/thomas/Documents/GitHub/CSE_144_Final_Project/Final_Project/train/train/17/5.jpg,17
/Users/thomas/Documents/GitHub/CSE_144_Final_Project/Final_Project/train/train/17/7.jpg,17
/Users/thomas/Documents/GitHub/CSE_144_Final_Project/Final_Project/train/train/17/6.jpg,17
/Users/thomas/Documents/GitHub/CSE_144_Final_Project/Final_Project/train/train/17/2.jpg,17
/Users/thomas/Documents/GitHub/CSE_144_Final_Project/Final_Project/train/train/17/3.jpg,17
/Users/thomas/Documents/GitHub/CSE_144_Final_Project/Final_Project/train/train/17/1.jpg,17
/Users/thomas/Documents/GitHub/CSE_144_Final_Project/Final_Project/train/train/17/0.jpg,17
/Users/thomas/Documents/GitHub/CSE_144_Final_Project/Final_Project/train/train/1/8.jpg,1
/Users/thomas/Documents/GitHub/CSE_144_Final_Project/Final_Project/train/train/1/9.jpg,1
/Users/thomas/Documents/GitHub/CSE_144_Final_Project/Final_Project/train/train/1/4.jpg,1
/Users/thomas/Documents/GitHub/CSE_144_Final_Project/Final_Project/train/train/1/5.jpg,1
/Users/thomas/Documents/GitHub/CSE_144_Final_Project/Final_Project/train/train/1/7.jpg,1
/Users/thomas/Documents/GitHub/CSE_144_Final_Project/Final_Project/train/train/1/6.jpg,1
/Users/thomas/Documents/GitHub/CSE_144_Final_Project/Final_Project/train/train/1/2.jpg,1
/Users/thomas/Documents/GitHub/CSE_144_Final_Project/Final_Project/train/train/1/3.jpg,1
/Users/thomas/Documents/GitHub/CSE_144_Final_Project/Final_Project/train/train/1/1.jpg,1
/Users/thomas/Documents/GitHub/CSE_144_Final_Project/Final_Project/train/train/1/0.jpg,1
/Users/thomas/Documents/GitHub/CSE_144_Final_Project/Final_Project/train/train/10/8.jpg,10
/Users/thomas/Documents/GitHub/CSE_144_Final_Project/Final_Project/train/train/10/9.jpg,10
/Users/thomas/Documents/GitHub/CSE_144_Final_Project/Final_Project/train/train/10/4.jpg,10
/Users/thomas/Documents/GitHub/CSE_144_Final_Project/Final_Project/train/train/10/5.jpg,10
/Users/thomas/Documents/GitHub/CSE_144_Final_Project/Final_Project/train/train/10/7.jpg,10
/Users/thomas/Documents/GitHub/CSE_144_Final_Project/Final_Project/train/train/10/6.jpg,10
/Users/thomas/Documents/GitHub/CSE_144_Final_Project/Final_Project/train/train/10/2.jpg,10
/Users/thomas/Documents/GitHub/CSE_144_Final_Project/Final_Project/train/train/10/3.jpg,10
/Users/thomas/Documents/GitHub/CSE_144_Final_Project/Final_Project/train/train/10/1.jpg,10
/Users/thomas/Documents/GitHub/CSE_144_Final_Project/Final_Project/train/train/10/0.jpg,10
/Users/thomas/Documents/GitHub/CSE_144_Final_Project/Final_Project/train/train/19/8.jpg,19
/Users/thomas/Documents/GitHub/CSE_144_Final_Project/Final_Project/train/train/19/9.jpg,19
/Users/thomas/Documents/GitHub/CSE_144_Final_Project/Final_Project/train/train/19/4.jpg,19
/Users/thomas/Documents/GitHub/CSE_144_Final_Project/Final_Project/train/train/19/5.jpg,19
/Users/thomas/Documents/GitHub/CSE_144_Final_Project/Final_Project/train/train/19/7.jpg,19
/Users/thomas/Documents/GitHub/CSE_144_Final_Project/Final_Project/train/train/19/6.jpg,19
/Users/thomas/Documents/GitHub/CSE_144_Final_Project/Final_Project/train/train/19/2.jpg,19
/Users/thomas/Documents/GitHub/CSE_144_Final_Project/Final_Project/train/train/19/3.jpg,19
/Users/thomas/Documents/GitHub/CSE_144_Final_Project/Final_Project/train/train/19/1.jpg,19
/Users/thomas/Documents/GitHub/CSE_144_Final_Project/Final_Project/train/train/19/0.jpg,19
/Users/thomas/Documents/GitHub/CSE_144_Final_Project/Final_Project/train/train/26/8.jpg,26
/Users/thomas/Documents/GitHub/CSE_144_Final_Project/Final_Project/train/train/26/9.jpg,26
/Users/thomas/Documents/GitHub/CSE_144_Final_Project/Final_Project/train/train/26/4.jpg,26
/Users/thomas/Documents/GitHub/CSE_144_Final_Project/Final_Project/train/train/26/5.jpg,26
/Users/thomas/Documents/GitHub/CSE_144_Final_Project/Final_Project/train/train/26/7.jpg,26
/Users/thomas/Documents/GitHub/CSE_144_Final_Project/Final_Project/train/train/26/6.jpg,26
/Users/thomas/Documents/GitHub/CSE_144_Final_Project/Final_Project/train/train/26/2.jpg,26
/Users/thomas/Documents/GitHub/CSE_144_Final_Project/Final_Project/train/train/26/3.jpg,26
/Users/thomas/Documents/GitHub/CSE_144_Final_Project/Final_Project/train/train/26/1.jpg,26
/Users/thomas/Documents/GitHub/CSE_144_Final_Project/Final_Project/train/train/26/0.jpg,26
/Users/thomas/Documents/GitHub/CSE_144_Final_Project/Final_Project/train/train/8/8.jpg,8
/Users/thomas/Documents/GitHub/CSE_144_Final_Project/Final_Project/train/train/8/9.jpg,8
/Users/thomas/Documents/GitHub/CSE_144_Final_Project/Final_Project/train/train/8/4.jpg,8
/Users/thomas/Documents/GitHub/CSE_144_Final_Project/Final_Project/train/train/8/5.jpg,8
/Users/thomas/Documents/GitHub/CSE_144_Final_Project/Final_Project/train/train/8/7.jpg,8
/Users/thomas/Documents/GitHub/CSE_144_Final_Project/Final_Project/train/train/8/6.jpg,8
/Users/thomas/Documents/GitHub/CSE_144_Final_Project/Final_Project/train/train/8/2.jpg,8
/Users/thomas/Documents/GitHub/CSE_144_Final_Project/Final_Project/train/train/8/3.jpg,8
/Users/thomas/Documents/GitHub/CSE_144_Final_Project/Final_Project/train/train/8/1.jpg,8
/Users/thomas/Documents/GitHub/CSE_144_Final_Project/Final_Project/train/train/8/0.jpg,8
/Users/thomas/Documents/GitHub/CSE_144_Final_Project/Final_Project/train/train/21/8.jpg,21
/Users/thomas/Documents/GitHub/CSE_144_Final_Project/Final_Project/train/train/21/9.jpg,21
/Users/thomas/Documents/GitHub/CSE_144_Final_Project/Final_Project/train/train/21/4.jpg,21
/Users/thomas/Documents/GitHub/CSE_144_Final_Project/Final_Project/train/train/21/5.jpg,21
/Users/thomas/Documents/GitHub/CSE_144_Final_Project/Final_Project/train/train/21/7.jpg,21
/Users/thomas/Documents/GitHub/CSE_144_Final_Project/Final_Project/train/train/21/6.jpg,21
/Users/thomas/Documents/GitHub/CSE_144_Final_Project/Final_Project/train/train/21/2.jpg,21
/Users/thomas/Documents/GitHub/CSE_144_Final_Project/Final_Project/train/train/21/3.jpg,21
/Users/thomas/Documents/GitHub/CSE_144_Final_Project/Final_Project/train/train/21/1.jpg,21
/Users/thomas/Documents/GitHub/CSE_144_Final_Project/Final_Project/train/train/21/0.jpg,21
/Users/thomas/Documents/GitHub/CSE_144_Final_Project/Final_Project/train/train/75/8.jpg,75
/Users/thomas/Documents/GitHub/CSE_144_Final_Project/Final_Project/train/train/75/9.jpg,75
/Users/thomas/Documents/GitHub/CSE_144_Final_Project/Final_Project/train/train/75/4.jpg,75
/Users/thomas/Documents/GitHub/CSE_144_Final_Project/Final_Project/train/train/75/5.jpg,75
/Users/thomas/Documents/GitHub/CSE_144_Final_Project/Final_Project/train/train/75/7.jpg,75
/Users/thomas/Documents/GitHub/CSE_144_Final_Project/Final_Project/train/train/75/6.jpg,75
/Users/thomas/Documents/GitHub/CSE_144_Final_Project/Final_Project/train/train/75/2.jpg,75
/Users/thomas/Documents/GitHub/CSE_144_Final_Project/Final_Project/train/train/75/3.jpg,75
/Users/thomas/Documents/GitHub/CSE_144_Final_Project/Final_Project/train/train/75/1.jpg,75
/Users/thomas/Documents/GitHub/CSE_144_Final_Project/Final_Project/train/train/75/0.jpg,75
/Users/thomas/Documents/GitHub/CSE_144_Final_Project/Final_Project/train/train/81/8.jpg,81
/Users/thomas/Documents/GitHub/CSE_144_Final_Project/Final_Project/train/train/81/9.jpg,81
/Users/thomas/Documents/GitHub/CSE_144_Final_Project/Final_Project/train/train/81/4.jpg,81
/Users/thomas/Documents/GitHub/CSE_144_Final_Project/Final_Project/train/train/81/5.jpg,81
/Users/thomas/Documents/GitHub/CSE_144_Final_Project/Final_Project/train/train/81/7.jpg,81
/Users/thomas/Documents/GitHub/CSE_144_Final_Project/Final_Project/train/train/81/6.jpg,81
/Users/thomas/Documents/GitHub/CSE_144_Final_Project/Final_Project/train/train/81/2.jpg,81
/Users/thomas/Documents/GitHub/CSE_144_Final_Project/Final_Project/train/train/81/3.jpg,81
/Users/thomas/Documents/GitHub/CSE_144_Final_Project/Final_Project/train/train/81/1.jpg,81
/Users/thomas/Documents/GitHub/CSE_144_Final_Project/Final_Project/train/train/81/0.jpg,81
/Users/thomas/Documents/GitHub/CSE_144_Final_Project/Final_Project/train/train/86/8.jpg,86
/Users/thomas/Documents/GitHub/CSE_144_Final_Project/Final_Project/train/train/86/9.jpg,86
/Users/thomas/Documents/GitHub/CSE_144_Final_Project/Final_Project/train/train/86/4.jpg,86
/Users/thomas/Documents/GitHub/CSE_144_Final_Project/Final_Project/train/train/86/5.jpg,86
/Users/thomas/Documents/GitHub/CSE_144_Final_Project/Final_Project/train/train/86/7.jpg,86
/Users/thomas/Documents/GitHub/CSE_144_Final_Project/Final_Project/train/train/86/6.jpg,86
/Users/thomas/Documents/GitHub/CSE_144_Final_Project/Final_Project/train/train/86/2.jpg,86
/Users/thomas/Documents/GitHub/CSE_144_Final_Project/Final_Project/train/train/86/3.jpg,86
/Users/thomas/Documents/GitHub/CSE_144_Final_Project/Final_Project/train/train/86/1.jpg,86
/Users/thomas/Documents/GitHub/CSE_144_Final_Project/Final_Project/train/train/86/0.jpg,86
/Users/thomas/Documents/GitHub/CSE_144_Final_Project/Final_Project/train/train/72/8.jpg,72
/Users/thomas/Documents/GitHub/CSE_144_Final_Project/Final_Project/train/train/72/9.jpg,72
/Users/thomas/Documents/GitHub/CSE_144_Final_Project/Final_Project/train/train/72/4.jpg,72
/Users/thomas/Documents/GitHub/CSE_144_Final_Project/Final_Project/train/train/72/5.jpg,72
/Users/thomas/Documents/GitHub/CSE_144_Final_Project/Final_Project/train/train/72/7.jpg,72
/Users/thomas/Documents/GitHub/CSE_144_Final_Project/Final_Project/train/train/72/6.jpg,72
/Users/thomas/Documents/GitHub/CSE_144_Final_Project/Final_Project/train/train/72/2.jpg,72
/Users/thomas/Documents/GitHub/CSE_144_Final_Project/Final_Project/train/train/72/3.jpg,72
/Users/thomas/Documents/GitHub/CSE_144_Final_Project/Final_Project/train/train/72/1.jpg,72
/Users/thomas/Documents/GitHub/CSE_144_Final_Project/Final_Project/train/train/72/0.jpg,72
/Users/thomas/Documents/GitHub/CSE_144_Final_Project/Final_Project/train/train/44/8.jpg,44
/Users/thomas/Documents/GitHub/CSE_144_Final_Project/Final_Project/train/train/44/9.jpg,44
/Users/thomas/Documents/GitHub/CSE_144_Final_Project/Final_Project/train/train/44/4.jpg,44
/Users/thomas/Documents/GitHub/CSE_144_Final_Project/Final_Project/train/train/44/5.jpg,44
/Users/thomas/Documents/GitHub/CSE_144_Final_Project/Final_Project/train/train/44/7.jpg,44
/Users/thomas/Documents/GitHub/CSE_144_Final_Project/Final_Project/train/train/44/6.jpg,44
/Users/thomas/Documents/GitHub/CSE_144_Final_Project/Final_Project/train/train/44/2.jpg,44
/Users/thomas/Documents/GitHub/CSE_144_Final_Project/Final_Project/train/train/44/3.jpg,44
/Users/thomas/Documents/GitHub/CSE_144_Final_Project/Final_Project/train/train/44/1.jpg,44
/Users/thomas/Documents/GitHub/CSE_144_Final_Project/Final_Project/train/train/44/0.jpg,44
/Users/thomas/Documents/GitHub/CSE_144_Final_Project/Final_Project/train/train/43/8.jpg,43
/Users/thomas/Documents/GitHub/CSE_144_Final_Project/Final_Project/train/train/43/9.jpg,43
/Users/thomas/Documents/GitHub/CSE_144_Final_Project/Final_Project/train/train/43/4.jpg,43
/Users/thomas/Documents/GitHub/CSE_144_Final_Project/Final_Project/train/train/43/5.jpg,43
/Users/thomas/Documents/GitHub/CSE_144_Final_Project/Final_Project/train/train/43/7.jpg,43
/Users/thomas/Documents/GitHub/CSE_144_Final_Project/Final_Project/train/train/43/6.jpg,43
/Users/thomas/Documents/GitHub/CSE_144_Final_Project/Final_Project/train/train/43/2.jpg,43
/Users/thomas/Documents/GitHub/CSE_144_Final_Project/Final_Project/train/train/43/3.jpg,43
/Users/thomas/Documents/GitHub/CSE_144_Final_Project/Final_Project/train/train/43/1.jpg,43
/Users/thomas/Documents/GitHub/CSE_144_Final_Project/Final_Project/train/train/43/0.jpg,43
/Users/thomas/Documents/GitHub/CSE_144_Final_Project/Final_Project/train/train/88/8.jpg,88
/Users/thomas/Documents/GitHub/CSE_144_Final_Project/Final_Project/train/train/88/9.jpg,88
/Users/thomas/Documents/GitHub/CSE_144_Final_Project/Final_Project/train/train/88/4.jpg,88
/Users/thomas/Documents/GitHub/CSE_144_Final_Project/Final_Project/train/train/88/5.jpg,88
/Users/thomas/Documents/GitHub/CSE_144_Final_Project/Final_Project/train/train/88/7.jpg,88
/Users/thomas/Documents/GitHub/CSE_144_Final_Project/Final_Project/train/train/88/6.jpg,88
/Users/thomas/Documents/GitHub/CSE_144_Final_Project/Final_Project/train/train/88/2.jpg,88
/Users/thomas/Documents/GitHub/CSE_144_Final_Project/Final_Project/train/train/88/3.jpg,88
/Users/thomas/Documents/GitHub/CSE_144_Final_Project/Final_Project/train/train/88/1.jpg,88
/Users/thomas/Documents/GitHub/CSE_144_Final_Project/Final_Project/train/train/88/0.jpg,88
/Users/thomas/Documents/GitHub/CSE_144_Final_Project/Final_Project/train/train/38/8.jpg,38
/Users/thomas/Documents/GitHub/CSE_144_Final_Project/Final_Project/train/train/38/9.jpg,38
/Users/thomas/Documents/GitHub/CSE_144_Final_Project/Final_Project/train/train/38/4.jpg,38
/Users/thomas/Documents/GitHub/CSE_144_Final_Project/Final_Project/train/train/38/5.jpg,38
/Users/thomas/Documents/GitHub/CSE_144_Final_Project/Final_Project/train/train/38/7.jpg,38
/Users/thomas/Documents/GitHub/CSE_144_Final_Project/Final_Project/train/train/38/6.jpg,38
/Users/thomas/Documents/GitHub/CSE_144_Final_Project/Final_Project/train/train/38/2.jpg,38
/Users/thomas/Documents/GitHub/CSE_144_Final_Project/Final_Project/train/train/38/3.jpg,38
/Users/thomas/Documents/GitHub/CSE_144_Final_Project/Final_Project/train/train/38/1.jpg,38
/Users/thomas/Documents/GitHub/CSE_144_Final_Project/Final_Project/train/train/38/0.jpg,38
/Users/thomas/Documents/GitHub/CSE_144_Final_Project/Final_Project/train/train/36/8.jpg,36
/Users/thomas/Documents/GitHub/CSE_144_Final_Project/Final_Project/train/train/36/9.jpg,36
/Users/thomas/Documents/GitHub/CSE_144_Final_Project/Final_Project/train/train/36/4.jpg,36
/Users/thomas/Documents/GitHub/CSE_144_Final_Project/Final_Project/train/train/36/5.jpg,36
/Users/thomas/Documents/GitHub/CSE_144_Final_Project/Final_Project/train/train/36/7.jpg,36
/Users/thomas/Documents/GitHub/CSE_144_Final_Project/Final_Project/train/train/36/6.jpg,36
/Users/thomas/Documents/GitHub/CSE_144_Final_Project/Final_Project/train/train/36/2.jpg,36
/Users/thomas/Documents/GitHub/CSE_144_Final_Project/Final_Project/train/train/36/3.jpg,36
/Users/thomas/Documents/GitHub/CSE_144_Final_Project/Final_Project/train/train/36/1.jpg,36
/Users/thomas/Documents/GitHub/CSE_144_Final_Project/Final_Project/train/train/36/0.jpg,36
/Users/thomas/Documents/GitHub/CSE_144_Final_Project/Final_Project/train/train/31/8.jpg,31
/Users/thomas/Documents/GitHub/CSE_144_Final_Project/Final_Project/train/train/31/9.jpg,31
/Users/thomas/Documents/GitHub/CSE_144_Final_Project/Final_Project/train/train/31/4.jpg,31
/Users/thomas/Documents/GitHub/CSE_144_Final_Project/Final_Project/train/train/31/5.jpg,31
/Users/thomas/Documents/GitHub/CSE_144_Final_Project/Final_Project/train/train/31/7.jpg,31
/Users/thomas/Documents/GitHub/CSE_144_Final_Project/Final_Project/train/train/31/6.jpg,31
/Users/thomas/Documents/GitHub/CSE_144_Final_Project/Final_Project/train/train/31/2.jpg,31
/Users/thomas/Documents/GitHub/CSE_144_Final_Project/Final_Project/train/train/31/3.jpg,31
/Users/thomas/Documents/GitHub/CSE_144_Final_Project/Final_Project/train/train/31/1.jpg,31
/Users/thomas/Documents/GitHub/CSE_144_Final_Project/Final_Project/train/train/31/0.jpg,31
/Users/thomas/Documents/GitHub/CSE_144_Final_Project/Final_Project/train/train/91/8.jpg,91
/Users/thomas/Documents/GitHub/CSE_144_Final_Project/Final_Project/train/train/91/9.jpg,91
/Users/thomas/Documents/GitHub/CSE_144_Final_Project/Final_Project/train/train/91/4.jpg,91
/Users/thomas/Documents/GitHub/CSE_144_Final_Project/Final_Project/train/train/91/5.jpg,91
/Users/thomas/Documents/GitHub/CSE_144_Final_Project/Final_Project/train/train/91/7.jpg,91
/Users/thomas/Documents/GitHub/CSE_144_Final_Project/Final_Project/train/train/91/6.jpg,91
/Users/thomas/Documents/GitHub/CSE_144_Final_Project/Final_Project/train/train/91/2.jpg,91
/Users/thomas/Documents/GitHub/CSE_144_Final_Project/Final_Project/train/train/91/3.jpg,91
/Users/thomas/Documents/GitHub/CSE_144_Final_Project/Final_Project/train/train/91/1.jpg,91
/Users/thomas/Documents/GitHub/CSE_144_Final_Project/Final_Project/train/train/91/0.jpg,91
/Users/thomas/Documents/GitHub/CSE_144_Final_Project/Final_Project/train/train/65/8.jpg,65
/Users/thomas/Documents/GitHub/CSE_144_Final_Project/Final_Project/train/train/65/9.jpg,65
/Users/thomas/Documents/GitHub/CSE_144_Final_Project/Final_Project/train/train/65/4.jpg,65
/Users/thomas/Documents/GitHub/CSE_144_Final_Project/Final_Project/train/train/65/5.jpg,65
/Users/thomas/Documents/GitHub/CSE_144_Final_Project/Final_Project/train/train/65/7.jpg,65
/Users/thomas/Documents/GitHub/CSE_144_Final_Project/Final_Project/train/train/65/6.jpg,65
/Users/thomas/Documents/GitHub/CSE_144_Final_Project/Final_Project/train/train/65/2.jpg,65
/Users/thomas/Documents/GitHub/CSE_144_Final_Project/Final_Project/train/train/65/3.jpg,65
/Users/thomas/Documents/GitHub/CSE_144_Final_Project/Final_Project/train/train/65/1.jpg,65
/Users/thomas/Documents/GitHub/CSE_144_Final_Project/Final_Project/train/train/65/0.jpg,65
/Users/thomas/Documents/GitHub/CSE_144_Final_Project/Final_Project/train/train/62/8.jpg,62
/Users/thomas/Documents/GitHub/CSE_144_Final_Project/Final_Project/train/train/62/9.jpg,62
/Users/thomas/Documents/GitHub/CSE_144_Final_Project/Final_Project/train/train/62/4.jpg,62
/Users/thomas/Documents/GitHub/CSE_144_Final_Project/Final_Project/train/train/62/5.jpg,62
/Users/thomas/Documents/GitHub/CSE_144_Final_Project/Final_Project/train/train/62/7.jpg,62
/Users/thomas/Documents/GitHub/CSE_144_Final_Project/Final_Project/train/train/62/6.jpg,62
/Users/thomas/Documents/GitHub/CSE_144_Final_Project/Final_Project/train/train/62/2.jpg,62
/Users/thomas/Documents/GitHub/CSE_144_Final_Project/Final_Project/train/train/62/3.jpg,62
/Users/thomas/Documents/GitHub/CSE_144_Final_Project/Final_Project/train/train/62/1.jpg,62
/Users/thomas/Documents/GitHub/CSE_144_Final_Project/Final_Project/train/train/62/0.jpg,62
/Users/thomas/Documents/GitHub/CSE_144_Final_Project/Final_Project/train/train/96/8.jpg,96
/Users/thomas/Documents/GitHub/CSE_144_Final_Project/Final_Project/train/train/96/9.jpg,96
/Users/thomas/Documents/GitHub/CSE_144_Final_Project/Final_Project/train/train/96/4.jpg,96
/Users/thomas/Documents/GitHub/CSE_144_Final_Project/Final_Project/train/train/96/5.jpg,96
/Users/thomas/Documents/GitHub/CSE_144_Final_Project/Final_Project/train/train/96/7.jpg,96
/Users/thomas/Documents/GitHub/CSE_144_Final_Project/Final_Project/train/train/96/6.jpg,96
/Users/thomas/Documents/GitHub/CSE_144_Final_Project/Final_Project/train/train/96/2.jpg,96
/Users/thomas/Documents/GitHub/CSE_144_Final_Project/Final_Project/train/train/96/3.jpg,96
/Users/thomas/Documents/GitHub/CSE_144_Final_Project/Final_Project/train/train/96/1.jpg,96
/Users/thomas/Documents/GitHub/CSE_144_Final_Project/Final_Project/train/train/96/0.jpg,96
/Users/thomas/Documents/GitHub/CSE_144_Final_Project/Final_Project/train/train/54/8.jpg,54
/Users/thomas/Documents/GitHub/CSE_144_Final_Project/Final_Project/train/train/54/9.jpg,54
/Users/thomas/Documents/GitHub/CSE_144_Final_Project/Final_Project/train/train/54/4.jpg,54
/Users/thomas/Documents/GitHub/CSE_144_Final_Project/Final_Project/train/train/54/5.jpg,54
/Users/thomas/Documents/GitHub/CSE_144_Final_Project/Final_Project/train/train/54/7.jpg,54
/Users/thomas/Documents/GitHub/CSE_144_Final_Project/Final_Project/train/train/54/6.jpg,54
/Users/thomas/Documents/GitHub/CSE_144_Final_Project/Final_Project/train/train/54/2.jpg,54
/Users/thomas/Documents/GitHub/CSE_144_Final_Project/Final_Project/train/train/54/3.jpg,54
/Users/thomas/Documents/GitHub/CSE_144_Final_Project/Final_Project/train/train/54/1.jpg,54
/Users/thomas/Documents/GitHub/CSE_144_Final_Project/Final_Project/train/train/54/0.jpg,54
/Users/thomas/Documents/GitHub/CSE_144_Final_Project/Final_Project/train/train/98/8.jpg,98
/Users/thomas/Documents/GitHub/CSE_144_Final_Project/Final_Project/train/train/98/9.jpg,98
/Users/thomas/Documents/GitHub/CSE_144_Final_Project/Final_Project/train/train/98/4.jpg,98
/Users/thomas/Documents/GitHub/CSE_144_Final_Project/Final_Project/train/train/98/5.jpg,98
/Users/thomas/Documents/GitHub/CSE_144_Final_Project/Final_Project/train/train/98/7.jpg,98
/Users/thomas/Documents/GitHub/CSE_144_Final_Project/Final_Project/train/train/98/6.jpg,98
/Users/thomas/Documents/GitHub/CSE_144_Final_Project/Final_Project/train/train/98/2.jpg,98
/Users/thomas/Documents/GitHub/CSE_144_Final_Project/Final_Project/train/train/98/3.jpg,98
/Users/thomas/Documents/GitHub/CSE_144_Final_Project/Final_Project/train/train/98/1.jpg,98
/Users/thomas/Documents/GitHub/CSE_144_Final_Project/Final_Project/train/train/98/0.jpg,98
/Users/thomas/Documents/GitHub/CSE_144_Final_Project/Final_Project/train/train/53/8.jpg,53
/Users/thomas/Documents/GitHub/CSE_144_Final_Project/Final_Project/train/train/53/9.jpg,53
/Users/thomas/Documents/GitHub/CSE_144_Final_Project/Final_Project/train/train/53/4.jpg,53
/Users/thomas/Documents/GitHub/CSE_144_Final_Project/Final_Project/train/train/53/5.jpg,53
/Users/thomas/Documents/GitHub/CSE_144_Final_Project/Final_Project/train/train/53/7.jpg,53
/Users/thomas/Documents/GitHub/CSE_144_Final_Project/Final_Project/train/train/53/6.jpg,53
/Users/thomas/Documents/GitHub/CSE_144_Final_Project/Final_Project/train/train/53/2.jpg,53
/Users/thomas/Documents/GitHub/CSE_144_Final_Project/Final_Project/train/train/53/3.jpg,53
/Users/thomas/Documents/GitHub/CSE_144_Final_Project/Final_Project/train/train/53/1.jpg,53
/Users/thomas/Documents/GitHub/CSE_144_Final_Project/Final_Project/train/train/53/0.jpg,53
/Users/thomas/Documents/GitHub/CSE_144_Final_Project/Final_Project/train/train/30/8.jpg,30
/Users/thomas/Documents/GitHub/CSE_144_Final_Project/Final_Project/train/train/30/9.jpg,30
/Users/thomas/Documents/GitHub/CSE_144_Final_Project/Final_Project/train/train/30/4.jpg,30
/Users/thomas/Documents/GitHub/CSE_144_Final_Project/Final_Project/train/train/30/5.jpg,30
/Users/thomas/Documents/GitHub/CSE_144_Final_Project/Final_Project/train/train/30/7.jpg,30
/Users/thomas/Documents/GitHub/CSE_144_Final_Project/Final_Project/train/train/30/6.jpg,30
/Users/thomas/Documents/GitHub/CSE_144_Final_Project/Final_Project/train/train/30/2.jpg,30
/Users/thomas/Documents/GitHub/CSE_144_Final_Project/Final_Project/train/train/30/3.jpg,30
/Users/thomas/Documents/GitHub/CSE_144_Final_Project/Final_Project/train/train/30/1.jpg,30
/Users/thomas/Documents/GitHub/CSE_144_Final_Project/Final_Project/train/train/30/0.jpg,30
/Users/thomas/Documents/GitHub/CSE_144_Final_Project/Final_Project/train/train/37/8.jpg,37
/Users/thomas/Documents/GitHub/CSE_144_Final_Project/Final_Project/train/train/37/9.jpg,37
/Users/thomas/Documents/GitHub/CSE_144_Final_Project/Final_Project/train/train/37/4.jpg,37
/Users/thomas/Documents/GitHub/CSE_144_Final_Project/Final_Project/train/train/37/5.jpg,37
/Users/thomas/Documents/GitHub/CSE_144_Final_Project/Final_Project/train/train/37/7.jpg,37
/Users/thomas/Documents/GitHub/CSE_144_Final_Project/Final_Project/train/train/37/6.jpg,37
/Users/thomas/Documents/GitHub/CSE_144_Final_Project/Final_Project/train/train/37/2.jpg,37
/Users/thomas/Documents/GitHub/CSE_144_Final_Project/Final_Project/train/train/37/3.jpg,37
/Users/thomas/Documents/GitHub/CSE_144_Final_Project/Final_Project/train/train/37/1.jpg,37
/Users/thomas/Documents/GitHub/CSE_144_Final_Project/Final_Project/train/train/37/0.jpg,37
/Users/thomas/Documents/GitHub/CSE_144_Final_Project/Final_Project/train/train/39/8.jpg,39
/Users/thomas/Documents/GitHub/CSE_144_Final_Project/Final_Project/train/train/39/9.jpg,39
/Users/thomas/Documents/GitHub/CSE_144_Final_Project/Final_Project/train/train/39/4.jpg,39
/Users/thomas/Documents/GitHub/CSE_144_Final_Project/Final_Project/train/train/39/5.jpg,39
/Users/thomas/Documents/GitHub/CSE_144_Final_Project/Final_Project/train/train/39/7.jpg,39
/Users/thomas/Documents/GitHub/CSE_144_Final_Project/Final_Project/train/train/39/6.jpg,39
/Users/thomas/Documents/GitHub/CSE_144_Final_Project/Final_Project/train/train/39/2.jpg,39
/Users/thomas/Documents/GitHub/CSE_144_Final_Project/Final_Project/train/train/39/3.jpg,39
/Users/thomas/Documents/GitHub/CSE_144_Final_Project/Final_Project/train/train/39/1.jpg,39
/Users/thomas/Documents/GitHub/CSE_144_Final_Project/Final_Project/train/train/39/0.jpg,39
/Users/thomas/Documents/GitHub/CSE_144_Final_Project/Final_Project/train/train/99/8.jpg,99
/Users/thomas/Documents/GitHub/CSE_144_Final_Project/Final_Project/train/train/99/9.jpg,99
/Users/thomas/Documents/GitHub/CSE_144_Final_Project/Final_Project/train/train/99/4.jpg,99
/Users/thomas/Documents/GitHub/CSE_144_Final_Project/Final_Project/train/train/99/5.jpg,99
/Users/thomas/Documents/GitHub/CSE_144_Final_Project/Final_Project/train/train/99/7.jpg,99
/Users/thomas/Documents/GitHub/CSE_144_Final_Project/Final_Project/train/train/99/6.jpg,99
/Users/thomas/Documents/GitHub/CSE_144_Final_Project/Final_Project/train/train/99/2.jpg,99
/Users/thomas/Documents/GitHub/CSE_144_Final_Project/Final_Project/train/train/99/3.jpg,99
/Users/thomas/Documents/GitHub/CSE_144_Final_Project/Final_Project/train/train/99/1.jpg,99
/Users/thomas/Documents/GitHub/CSE_144_Final_Project/Final_Project/train/train/99/0.jpg,99
/Users/thomas/Documents/GitHub/CSE_144_Final_Project/Final_Project/train/train/52/8.jpg,52
/Users/thomas/Documents/GitHub/CSE_144_Final_Project/Final_Project/train/train/52/9.jpg,52
/Users/thomas/Documents/GitHub/CSE_144_Final_Project/Final_Project/train/train/52/4.jpg,52
/Users/thomas/Documents/GitHub/CSE_144_Final_Project/Final_Project/train/train/52/5.jpg,52
/Users/thomas/Documents/GitHub/CSE_144_Final_Project/Final_Project/train/train/52/7.jpg,52
/Users/thomas/Documents/GitHub/CSE_144_Final_Project/Final_Project/train/train/52/6.jpg,52
/Users/thomas/Documents/GitHub/CSE_144_Final_Project/Final_Project/train/train/52/2.jpg,52
/Users/thomas/Documents/GitHub/CSE_144_Final_Project/Final_Project/train/train/52/3.jpg,52
/Users/thomas/Documents/GitHub/CSE_144_Final_Project/Final_Project/train/train/52/1.jpg,52
/Users/thomas/Documents/GitHub/CSE_144_Final_Project/Final_Project/train/train/52/0.jpg,52
/Users/thomas/Documents/GitHub/CSE_144_Final_Project/Final_Project/train/train/55/8.jpg,55
/Users/thomas/Documents/GitHub/CSE_144_Final_Project/Final_Project/train/train/55/9.jpg,55
/Users/thomas/Documents/GitHub/CSE_144_Final_Project/Final_Project/train/train/55/4.jpg,55
/Users/thomas/Documents/GitHub/CSE_144_Final_Project/Final_Project/train/train/55/5.jpg,55
/Users/thomas/Documents/GitHub/CSE_144_Final_Project/Final_Project/train/train/55/7.jpg,55
/Users/thomas/Documents/GitHub/CSE_144_Final_Project/Final_Project/train/train/55/6.jpg,55
/Users/thomas/Documents/GitHub/CSE_144_Final_Project/Final_Project/train/train/55/2.jpg,55
/Users/thomas/Documents/GitHub/CSE_144_Final_Project/Final_Project/train/train/55/3.jpg,55
/Users/thomas/Documents/GitHub/CSE_144_Final_Project/Final_Project/train/train/55/1.jpg,55
/Users/thomas/Documents/GitHub/CSE_144_Final_Project/Final_Project/train/train/55/0.jpg,55
/Users/thomas/Documents/GitHub/CSE_144_Final_Project/Final_Project/train/train/97/8.jpg,97
/Users/thomas/Documents/GitHub/CSE_144_Final_Project/Final_Project/train/train/97/9.jpg,97
/Users/thomas/Documents/GitHub/CSE_144_Final_Project/Final_Project/train/train/97/4.jpg,97
/Users/thomas/Documents/GitHub/CSE_144_Final_Project/Final_Project/train/train/97/5.jpg,97
/Users/thomas/Documents/GitHub/CSE_144_Final_Project/Final_Project/train/train/97/7.jpg,97
/Users/thomas/Documents/GitHub/CSE_144_Final_Project/Final_Project/train/train/97/6.jpg,97
/Users/thomas/Documents/GitHub/CSE_144_Final_Project/Final_Project/train/train/97/2.jpg,97
/Users/thomas/Documents/GitHub/CSE_144_Final_Project/Final_Project/train/train/97/3.jpg,97
/Users/thomas/Documents/GitHub/CSE_144_Final_Project/Final_Project/train/train/97/1.jpg,97
/Users/thomas/Documents/GitHub/CSE_144_Final_Project/Final_Project/train/train/97/0.jpg,97
/Users/thomas/Documents/GitHub/CSE_144_Final_Project/Final_Project/train/train/63/8.jpg,63
/Users/thomas/Documents/GitHub/CSE_144_Final_Project/Final_Project/train/train/63/9.jpg,63
/Users/thomas/Documents/GitHub/CSE_144_Final_Project/Final_Project/train/train/63/4.jpg,63
/Users/thomas/Documents/GitHub/CSE_144_Final_Project/Final_Project/train/train/63/5.jpg,63
/Users/thomas/Documents/GitHub/CSE_144_Final_Project/Final_Project/train/train/63/7.jpg,63
/Users/thomas/Documents/GitHub/CSE_144_Final_Project/Final_Project/train/train/63/6.jpg,63
/Users/thomas/Documents/GitHub/CSE_144_Final_Project/Final_Project/train/train/63/2.jpg,63
/Users/thomas/Documents/GitHub/CSE_144_Final_Project/Final_Project/train/train/63/3.jpg,63
/Users/thomas/Documents/GitHub/CSE_144_Final_Project/Final_Project/train/train/63/1.jpg,63
/Users/thomas/Documents/GitHub/CSE_144_Final_Project/Final_Project/train/train/63/0.jpg,63
/Users/thomas/Documents/GitHub/CSE_144_Final_Project/Final_Project/train/train/64/8.jpg,64
/Users/thomas/Documents/GitHub/CSE_144_Final_Project/Final_Project/train/train/64/9.jpg,64
/Users/thomas/Documents/GitHub/CSE_144_Final_Project/Final_Project/train/train/64/4.jpg,64
/Users/thomas/Documents/GitHub/CSE_144_Final_Project/Final_Project/train/train/64/5.jpg,64
/Users/thomas/Documents/GitHub/CSE_144_Final_Project/Final_Project/train/train/64/7.jpg,64
/Users/thomas/Documents/GitHub/CSE_144_Final_Project/Final_Project/train/train/64/6.jpg,64
/Users/thomas/Documents/GitHub/CSE_144_Final_Project/Final_Project/train/train/64/2.jpg,64
/Users/thomas/Documents/GitHub/CSE_144_Final_Project/Final_Project/train/train/64/3.jpg,64
/Users/thomas/Documents/GitHub/CSE_144_Final_Project/Final_Project/train/train/64/1.jpg,64
/Users/thomas/Documents/GitHub/CSE_144_Final_Project/Final_Project/train/train/64/0.jpg,64
/Users/thomas/Documents/GitHub/CSE_144_Final_Project/Final_Project/train/train/90/8.jpg,90
/Users/thomas/Documents/GitHub/CSE_144_Final_Project/Final_Project/train/train/90/9.jpg,90
/Users/thomas/Documents/GitHub/CSE_144_Final_Project/Final_Project/train/train/90/4.jpg,90
/Users/thomas/Documents/GitHub/CSE_144_Final_Project/Final_Project/train/train/90/5.jpg,90
/Users/thomas/Documents/GitHub/CSE_144_Final_Project/Final_Project/train/train/90/7.jpg,90
/Users/thomas/Documents/GitHub/CSE_144_Final_Project/Final_Project/train/train/90/6.jpg,90
/Users/thomas/Documents/GitHub/CSE_144_Final_Project/Final_Project/train/train/90/2.jpg,90
/Users/thomas/Documents/GitHub/CSE_144_Final_Project/Final_Project/train/train/90/3.jpg,90
/Users/thomas/Documents/GitHub/CSE_144_Final_Project/Final_Project/train/train/90/1.jpg,90
/Users/thomas/Documents/GitHub/CSE_144_Final_Project/Final_Project/train/train/90/0.jpg,90
/Users/thomas/Documents/GitHub/CSE_144_Final_Project/Final_Project/train/train/46/8.jpg,46
/Users/thomas/Documents/GitHub/CSE_144_Final_Project/Final_Project/train/train/46/9.jpg,46
/Users/thomas/Documents/GitHub/CSE_144_Final_Project/Final_Project/train/train/46/4.jpg,46
/Users/thomas/Documents/GitHub/CSE_144_Final_Project/Final_Project/train/train/46/5.jpg,46
/Users/thomas/Documents/GitHub/CSE_144_Final_Project/Final_Project/train/train/46/7.jpg,46
/Users/thomas/Documents/GitHub/CSE_144_Final_Project/Final_Project/train/train/46/6.jpg,46
/Users/thomas/Documents/GitHub/CSE_144_Final_Project/Final_Project/train/train/46/2.jpg,46
/Users/thomas/Documents/GitHub/CSE_144_Final_Project/Final_Project/train/train/46/3.jpg,46
/Users/thomas/Documents/GitHub/CSE_144_Final_Project/Final_Project/train/train/46/1.jpg,46
/Users/thomas/Documents/GitHub/CSE_144_Final_Project/Final_Project/train/train/46/0.jpg,46
/Users/thomas/Documents/GitHub/CSE_144_Final_Project/Final_Project/train/train/79/8.jpg,79
/Users/thomas/Documents/GitHub/CSE_144_Final_Project/Final_Project/train/train/79/9.jpg,79
/Users/thomas/Documents/GitHub/CSE_144_Final_Project/Final_Project/train/train/79/4.jpg,79
/Users/thomas/Documents/GitHub/CSE_144_Final_Project/Final_Project/train/train/79/5.jpg,79
/Users/thomas/Documents/GitHub/CSE_144_Final_Project/Final_Project/train/train/79/7.jpg,79
/Users/thomas/Documents/GitHub/CSE_144_Final_Project/Final_Project/train/train/79/6.jpg,79
/Users/thomas/Documents/GitHub/CSE_144_Final_Project/Final_Project/train/train/79/2.jpg,79
/Users/thomas/Documents/GitHub/CSE_144_Final_Project/Final_Project/train/train/79/3.jpg,79
/Users/thomas/Documents/GitHub/CSE_144_Final_Project/Final_Project/train/train/79/1.jpg,79
/Users/thomas/Documents/GitHub/CSE_144_Final_Project/Final_Project/train/train/79/0.jpg,79
/Users/thomas/Documents/GitHub/CSE_144_Final_Project/Final_Project/train/train/41/8.jpg,41
/Users/thomas/Documents/GitHub/CSE_144_Final_Project/Final_Project/train/train/41/9.jpg,41
/Users/thomas/Documents/GitHub/CSE_144_Final_Project/Final_Project/train/train/41/4.jpg,41
/Users/thomas/Documents/GitHub/CSE_144_Final_Project/Final_Project/train/train/41/5.jpg,41
/Users/thomas/Documents/GitHub/CSE_144_Final_Project/Final_Project/train/train/41/7.jpg,41
/Users/thomas/Documents/GitHub/CSE_144_Final_Project/Final_Project/train/train/41/6.jpg,41
/Users/thomas/Documents/GitHub/CSE_144_Final_Project/Final_Project/train/train/41/2.jpg,41
/Users/thomas/Documents/GitHub/CSE_144_Final_Project/Final_Project/train/train/41/3.jpg,41
/Users/thomas/Documents/GitHub/CSE_144_Final_Project/Final_Project/train/train/41/1.jpg,41
/Users/thomas/Documents/GitHub/CSE_144_Final_Project/Final_Project/train/train/41/0.jpg,41
/Users/thomas/Documents/GitHub/CSE_144_Final_Project/Final_Project/train/train/83/8.jpg,83
/Users/thomas/Documents/GitHub/CSE_144_Final_Project/Final_Project/train/train/83/9.jpg,83
/Users/thomas/Documents/GitHub/CSE_144_Final_Project/Final_Project/train/train/83/4.jpg,83
/Users/thomas/Documents/GitHub/CSE_144_Final_Project/Final_Project/train/train/83/5.jpg,83
/Users/thomas/Documents/GitHub/CSE_144_Final_Project/Final_Project/train/train/83/7.jpg,83
/Users/thomas/Documents/GitHub/CSE_144_Final_Project/Final_Project/train/train/83/6.jpg,83
/Users/thomas/Documents/GitHub/CSE_144_Final_Project/Final_Project/train/train/83/2.jpg,83
/Users/thomas/Documents/GitHub/CSE_144_Final_Project/Final_Project/train/train/83/3.jpg,83
/Users/thomas/Documents/GitHub/CSE_144_Final_Project/Final_Project/train/train/83/1.jpg,83
/Users/thomas/Documents/GitHub/CSE_144_Final_Project/Final_Project/train/train/83/0.jpg,83
/Users/thomas/Documents/GitHub/CSE_144_Final_Project/Final_Project/train/train/77/8.jpg,77
/Users/thomas/Documents/GitHub/CSE_144_Final_Project/Final_Project/train/train/77/9.jpg,77
/Users/thomas/Documents/GitHub/CSE_144_Final_Project/Final_Project/train/train/77/4.jpg,77
/Users/thomas/Documents/GitHub/CSE_144_Final_Project/Final_Project/train/train/77/5.jpg,77
/Users/thomas/Documents/GitHub/CSE_144_Final_Project/Final_Project/train/train/77/7.jpg,77
/Users/thomas/Documents/GitHub/CSE_144_Final_Project/Final_Project/train/train/77/6.jpg,77
/Users/thomas/Documents/GitHub/CSE_144_Final_Project/Final_Project/train/train/77/2.jpg,77
/Users/thomas/Documents/GitHub/CSE_144_Final_Project/Final_Project/train/train/77/3.jpg,77
/Users/thomas/Documents/GitHub/CSE_144_Final_Project/Final_Project/train/train/77/1.jpg,77
/Users/thomas/Documents/GitHub/CSE_144_Final_Project/Final_Project/train/train/77/0.jpg,77
/Users/thomas/Documents/GitHub/CSE_144_Final_Project/Final_Project/train/train/48/8.jpg,48
/Users/thomas/Documents/GitHub/CSE_144_Final_Project/Final_Project/train/train/48/9.jpg,48
/Users/thomas/Documents/GitHub/CSE_144_Final_Project/Final_Project/train/train/48/4.jpg,48
/Users/thomas/Documents/GitHub/CSE_144_Final_Project/Final_Project/train/train/48/5.jpg,48
/Users/thomas/Documents/GitHub/CSE_144_Final_Project/Final_Project/train/train/48/7.jpg,48
/Users/thomas/Documents/GitHub/CSE_144_Final_Project/Final_Project/train/train/48/6.jpg,48
/Users/thomas/Documents/GitHub/CSE_144_Final_Project/Final_Project/train/train/48/2.jpg,48
/Users/thomas/Documents/GitHub/CSE_144_Final_Project/Final_Project/train/train/48/3.jpg,48
/Users/thomas/Documents/GitHub/CSE_144_Final_Project/Final_Project/train/train/48/1.jpg,48
/Users/thomas/Documents/GitHub/CSE_144_Final_Project/Final_Project/train/train/48/0.jpg,48
/Users/thomas/Documents/GitHub/CSE_144_Final_Project/Final_Project/train/train/70/8.jpg,70
/Users/thomas/Documents/GitHub/CSE_144_Final_Project/Final_Project/train/train/70/9.jpg,70
/Users/thomas/Documents/GitHub/CSE_144_Final_Project/Final_Project/train/train/70/4.jpg,70
/Users/thomas/Documents/GitHub/CSE_144_Final_Project/Final_Project/train/train/70/5.jpg,70
/Users/thomas/Documents/GitHub/CSE_144_Final_Project/Final_Project/train/train/70/7.jpg,70
/Users/thomas/Documents/GitHub/CSE_144_Final_Project/Final_Project/train/train/70/6.jpg,70
/Users/thomas/Documents/GitHub/CSE_144_Final_Project/Final_Project/train/train/70/2.jpg,70
/Users/thomas/Documents/GitHub/CSE_144_Final_Project/Final_Project/train/train/70/3.jpg,70
/Users/thomas/Documents/GitHub/CSE_144_Final_Project/Final_Project/train/train/70/1.jpg,70
/Users/thomas/Documents/GitHub/CSE_144_Final_Project/Final_Project/train/train/70/0.jpg,70
/Users/thomas/Documents/GitHub/CSE_144_Final_Project/Final_Project/train/train/84/8.jpg,84
/Users/thomas/Documents/GitHub/CSE_144_Final_Project/Final_Project/train/train/84/9.jpg,84
/Users/thomas/Documents/GitHub/CSE_144_Final_Project/Final_Project/train/train/84/4.jpg,84
/Users/thomas/Documents/GitHub/CSE_144_Final_Project/Final_Project/train/train/84/5.jpg,84
/Users/thomas/Documents/GitHub/CSE_144_Final_Project/Final_Project/train/train/84/7.jpg,84
/Users/thomas/Documents/GitHub/CSE_144_Final_Project/Final_Project/train/train/84/6.jpg,84
/Users/thomas/Documents/GitHub/CSE_144_Final_Project/Final_Project/train/train/84/2.jpg,84
/Users/thomas/Documents/GitHub/CSE_144_Final_Project/Final_Project/train/train/84/3.jpg,84
/Users/thomas/Documents/GitHub/CSE_144_Final_Project/Final_Project/train/train/84/1.jpg,84
/Users/thomas/Documents/GitHub/CSE_144_Final_Project/Final_Project/train/train/84/0.jpg,84
/Users/thomas/Documents/GitHub/CSE_144_Final_Project/Final_Project/train/train/24/8.jpg,24
/Users/thomas/Documents/GitHub/CSE_144_Final_Project/Final_Project/train/train/24/9.jpg,24
/Users/thomas/Documents/GitHub/CSE_144_Final_Project/Final_Project/train/train/24/4.jpg,24
/Users/thomas/Documents/GitHub/CSE_144_Final_Project/Final_Project/train/train/24/5.jpg,24
/Users/thomas/Documents/GitHub/CSE_144_Final_Project/Final_Project/train/train/24/7.jpg,24
/Users/thomas/Documents/GitHub/CSE_144_Final_Project/Final_Project/train/train/24/6.jpg,24
/Users/thomas/Documents/GitHub/CSE_144_Final_Project/Final_Project/train/train/24/2.jpg,24
/Users/thomas/Documents/GitHub/CSE_144_Final_Project/Final_Project/train/train/24/3.jpg,24
/Users/thomas/Documents/GitHub/CSE_144_Final_Project/Final_Project/train/train/24/1.jpg,24
/Users/thomas/Documents/GitHub/CSE_144_Final_Project/Final_Project/train/train/24/0.jpg,24
/Users/thomas/Documents/GitHub/CSE_144_Final_Project/Final_Project/train/train/23/8.jpg,23
/Users/thomas/Documents/GitHub/CSE_144_Final_Project/Final_Project/train/train/23/9.jpg,23
/Users/thomas/Documents/GitHub/CSE_144_Final_Project/Final_Project/train/train/23/4.jpg,23
/Users/thomas/Documents/GitHub/CSE_144_Final_Project/Final_Project/train/train/23/5.jpg,23
/Users/thomas/Documents/GitHub/CSE_144_Final_Project/Final_Project/train/train/23/7.jpg,23
/Users/thomas/Documents/GitHub/CSE_144_Final_Project/Final_Project/train/train/23/6.jpg,23
/Users/thomas/Documents/GitHub/CSE_144_Final_Project/Final_Project/train/train/23/2.jpg,23
/Users/thomas/Documents/GitHub/CSE_144_Final_Project/Final_Project/train/train/23/3.jpg,23
/Users/thomas/Documents/GitHub/CSE_144_Final_Project/Final_Project/train/train/23/1.jpg,23
/Users/thomas/Documents/GitHub/CSE_144_Final_Project/Final_Project/train/train/23/0.jpg,23
/Users/thomas/Documents/GitHub/CSE_144_Final_Project/Final_Project/train/train/4/8.jpg,4
/Users/thomas/Documents/GitHub/CSE_144_Final_Project/Final_Project/train/train/4/9.jpg,4
/Users/thomas/Documents/GitHub/CSE_144_Final_Project/Final_Project/train/train/4/4.jpg,4
/Users/thomas/Documents/GitHub/CSE_144_Final_Project/Final_Project/train/train/4/5.jpg,4
/Users/thomas/Documents/GitHub/CSE_144_Final_Project/Final_Project/train/train/4/7.jpg,4
/Users/thomas/Documents/GitHub/CSE_144_Final_Project/Final_Project/train/train/4/6.jpg,4
/Users/thomas/Documents/GitHub/CSE_144_Final_Project/Final_Project/train/train/4/2.jpg,4
/Users/thomas/Documents/GitHub/CSE_144_Final_Project/Final_Project/train/train/4/3.jpg,4
/Users/thomas/Documents/GitHub/CSE_144_Final_Project/Final_Project/train/train/4/1.jpg,4
/Users/thomas/Documents/GitHub/CSE_144_Final_Project/Final_Project/train/train/4/0.jpg,4
/Users/thomas/Documents/GitHub/CSE_144_Final_Project/Final_Project/train/train/15/8.jpg,15
/Users/thomas/Documents/GitHub/CSE_144_Final_Project/Final_Project/train/train/15/9.jpg,15
/Users/thomas/Documents/GitHub/CSE_144_Final_Project/Final_Project/train/train/15/4.jpg,15
/Users/thomas/Documents/GitHub/CSE_144_Final_Project/Final_Project/train/train/15/5.jpg,15
/Users/thomas/Documents/GitHub/CSE_144_Final_Project/Final_Project/train/train/15/7.jpg,15
/Users/thomas/Documents/GitHub/CSE_144_Final_Project/Final_Project/train/train/15/6.jpg,15
/Users/thomas/Documents/GitHub/CSE_144_Final_Project/Final_Project/train/train/15/2.jpg,15
/Users/thomas/Documents/GitHub/CSE_144_Final_Project/Final_Project/train/train/15/3.jpg,15
/Users/thomas/Documents/GitHub/CSE_144_Final_Project/Final_Project/train/train/15/1.jpg,15
/Users/thomas/Documents/GitHub/CSE_144_Final_Project/Final_Project/train/train/15/0.jpg,15
/Users/thomas/Documents/GitHub/CSE_144_Final_Project/Final_Project/train/train/3/8.jpg,3
/Users/thomas/Documents/GitHub/CSE_144_Final_Project/Final_Project/train/train/3/9.jpg,3
/Users/thomas/Documents/GitHub/CSE_144_Final_Project/Final_Project/train/train/3/4.jpg,3
/Users/thomas/Documents/GitHub/CSE_144_Final_Project/Final_Project/train/train/3/5.jpg,3
/Users/thomas/Documents/GitHub/CSE_144_Final_Project/Final_Project/train/train/3/7.jpg,3
/Users/thomas/Documents/GitHub/CSE_144_Final_Project/Final_Project/train/train/3/6.jpg,3
/Users/thomas/Documents/GitHub/CSE_144_Final_Project/Final_Project/train/train/3/2.jpg,3
/Users/thomas/Documents/GitHub/CSE_144_Final_Project/Final_Project/train/train/3/3.jpg,3
/Users/thomas/Documents/GitHub/CSE_144_Final_Project/Final_Project/train/train/3/1.jpg,3
/Users/thomas/Documents/GitHub/CSE_144_Final_Project/Final_Project/train/train/3/0.jpg,3
/Users/thomas/Documents/GitHub/CSE_144_Final_Project/Final_Project/train/train/12/8.jpg,12
/Users/thomas/Documents/GitHub/CSE_144_Final_Project/Final_Project/train/train/12/9.jpg,12
/Users/thomas/Documents/GitHub/CSE_144_Final_Project/Final_Project/train/train/12/4.jpg,12
/Users/thomas/Documents/GitHub/CSE_144_Final_Project/Final_Project/train/train/12/5.jpg,12
/Users/thomas/Documents/GitHub/CSE_144_Final_Project/Final_Project/train/train/12/7.jpg,12
/Users/thomas/Documents/GitHub/CSE_144_Final_Project/Final_Project/train/train/12/6.jpg,12
/Users/thomas/Documents/GitHub/CSE_144_Final_Project/Final_Project/train/train/12/2.jpg,12
/Users/thomas/Documents/GitHub/CSE_144_Final_Project/Final_Project/train/train/12/3.jpg,12
/Users/thomas/Documents/GitHub/CSE_144_Final_Project/Final_Project/train/train/12/1.jpg,12
/Users/thomas/Documents/GitHub/CSE_144_Final_Project/Final_Project/train/train/12/0.jpg,12
/Users/thomas/Documents/GitHub/CSE_144_Final_Project/Final_Project/train/train/85/8.jpg,85
/Users/thomas/Documents/GitHub/CSE_144_Final_Project/Final_Project/train/train/85/9.jpg,85
/Users/thomas/Documents/GitHub/CSE_144_Final_Project/Final_Project/train/train/85/4.jpg,85
/Users/thomas/Documents/GitHub/CSE_144_Final_Project/Final_Project/train/train/85/5.jpg,85
/Users/thomas/Documents/GitHub/CSE_144_Final_Project/Final_Project/train/train/85/7.jpg,85
/Users/thomas/Documents/GitHub/CSE_144_Final_Project/Final_Project/train/train/85/6.jpg,85
/Users/thomas/Documents/GitHub/CSE_144_Final_Project/Final_Project/train/train/85/2.jpg,85
/Users/thomas/Documents/GitHub/CSE_144_Final_Project/Final_Project/train/train/85/3.jpg,85
/Users/thomas/Documents/GitHub/CSE_144_Final_Project/Final_Project/train/train/85/1.jpg,85
/Users/thomas/Documents/GitHub/CSE_144_Final_Project/Final_Project/train/train/85/0.jpg,85
/Users/thomas/Documents/GitHub/CSE_144_Final_Project/Final_Project/train/train/71/8.jpg,71
/Users/thomas/Documents/GitHub/CSE_144_Final_Project/Final_Project/train/train/71/9.jpg,71
/Users/thomas/Documents/GitHub/CSE_144_Final_Project/Final_Project/train/train/71/4.jpg,71
/Users/thomas/Documents/GitHub/CSE_144_Final_Project/Final_Project/train/train/71/5.jpg,71
/Users/thomas/Documents/GitHub/CSE_144_Final_Project/Final_Project/train/train/71/7.jpg,71
/Users/thomas/Documents/GitHub/CSE_144_Final_Project/Final_Project/train/train/71/6.jpg,71
/Users/thomas/Documents/GitHub/CSE_144_Final_Project/Final_Project/train/train/71/2.jpg,71
/Users/thomas/Documents/GitHub/CSE_144_Final_Project/Final_Project/train/train/71/3.jpg,71
/Users/thomas/Documents/GitHub/CSE_144_Final_Project/Final_Project/train/train/71/1.jpg,71
/Users/thomas/Documents/GitHub/CSE_144_Final_Project/Final_Project/train/train/71/0.jpg,71
/Users/thomas/Documents/GitHub/CSE_144_Final_Project/Final_Project/train/train/76/8.jpg,76
/Users/thomas/Documents/GitHub/CSE_144_Final_Project/Final_Project/train/train/76/9.jpg,76
/Users/thomas/Documents/GitHub/CSE_144_Final_Project/Final_Project/train/train/76/4.jpg,76
/Users/thomas/Documents/GitHub/CSE_144_Final_Project/Final_Project/train/train/76/5.jpg,76
/Users/thomas/Documents/GitHub/CSE_144_Final_Project/Final_Project/train/train/76/7.jpg,76
/Users/thomas/Documents/GitHub/CSE_144_Final_Project/Final_Project/train/train/76/6.jpg,76
/Users/thomas/Documents/GitHub/CSE_144_Final_Project/Final_Project/train/train/76/2.jpg,76
/Users/thomas/Documents/GitHub/CSE_144_Final_Project/Final_Project/train/train/76/3.jpg,76
/Users/thomas/Documents/GitHub/CSE_144_Final_Project/Final_Project/train/train/76/1.jpg,76
/Users/thomas/Documents/GitHub/CSE_144_Final_Project/Final_Project/train/train/76/0.jpg,76
/Users/thomas/Documents/GitHub/CSE_144_Final_Project/Final_Project/train/train/82/8.jpg,82
/Users/thomas/Documents/GitHub/CSE_144_Final_Project/Final_Project/train/train/82/9.jpg,82
/Users/thomas/Documents/GitHub/CSE_144_Final_Project/Final_Project/train/train/82/4.jpg,82
/Users/thomas/Documents/GitHub/CSE_144_Final_Project/Final_Project/train/train/82/5.jpg,82
/Users/thomas/Documents/GitHub/CSE_144_Final_Project/Final_Project/train/train/82/7.jpg,82
/Users/thomas/Documents/GitHub/CSE_144_Final_Project/Final_Project/train/train/82/6.jpg,82
/Users/thomas/Documents/GitHub/CSE_144_Final_Project/Final_Project/train/train/82/2.jpg,82
/Users/thomas/Documents/GitHub/CSE_144_Final_Project/Final_Project/train/train/82/3.jpg,82
/Users/thomas/Documents/GitHub/CSE_144_Final_Project/Final_Project/train/train/82/1.jpg,82
/Users/thomas/Documents/GitHub/CSE_144_Final_Project/Final_Project/train/train/82/0.jpg,82
/Users/thomas/Documents/GitHub/CSE_144_Final_Project/Final_Project/train/train/49/8.jpg,49
/Users/thomas/Documents/GitHub/CSE_144_Final_Project/Final_Project/train/train/49/9.jpg,49
/Users/thomas/Documents/GitHub/CSE_144_Final_Project/Final_Project/train/train/49/4.jpg,49
/Users/thomas/Documents/GitHub/CSE_144_Final_Project/Final_Project/train/train/49/5.jpg,49
/Users/thomas/Documents/GitHub/CSE_144_Final_Project/Final_Project/train/train/49/7.jpg,49
/Users/thomas/Documents/GitHub/CSE_144_Final_Project/Final_Project/train/train/49/6.jpg,49
/Users/thomas/Documents/GitHub/CSE_144_Final_Project/Final_Project/train/train/49/2.jpg,49
/Users/thomas/Documents/GitHub/CSE_144_Final_Project/Final_Project/train/train/49/3.jpg,49
/Users/thomas/Documents/GitHub/CSE_144_Final_Project/Final_Project/train/train/49/1.jpg,49
/Users/thomas/Documents/GitHub/CSE_144_Final_Project/Final_Project/train/train/49/0.jpg,49
/Users/thomas/Documents/GitHub/CSE_144_Final_Project/Final_Project/train/train/40/8.jpg,40
/Users/thomas/Documents/GitHub/CSE_144_Final_Project/Final_Project/train/train/40/9.jpg,40
/Users/thomas/Documents/GitHub/CSE_144_Final_Project/Final_Project/train/train/40/4.jpg,40
/Users/thomas/Documents/GitHub/CSE_144_Final_Project/Final_Project/train/train/40/5.jpg,40
/Users/thomas/Documents/GitHub/CSE_144_Final_Project/Final_Project/train/train/40/7.jpg,40
/Users/thomas/Documents/GitHub/CSE_144_Final_Project/Final_Project/train/train/40/6.jpg,40
/Users/thomas/Documents/GitHub/CSE_144_Final_Project/Final_Project/train/train/40/2.jpg,40
/Users/thomas/Documents/GitHub/CSE_144_Final_Project/Final_Project/train/train/40/3.jpg,40
/Users/thomas/Documents/GitHub/CSE_144_Final_Project/Final_Project/train/train/40/1.jpg,40
/Users/thomas/Documents/GitHub/CSE_144_Final_Project/Final_Project/train/train/40/0.jpg,40
/Users/thomas/Documents/GitHub/CSE_144_Final_Project/Final_Project/train/train/47/8.jpg,47
/Users/thomas/Documents/GitHub/CSE_144_Final_Project/Final_Project/train/train/47/9.jpg,47
/Users/thomas/Documents/GitHub/CSE_144_Final_Project/Final_Project/train/train/47/4.jpg,47
/Users/thomas/Documents/GitHub/CSE_144_Final_Project/Final_Project/train/train/47/5.jpg,47
/Users/thomas/Documents/GitHub/CSE_144_Final_Project/Final_Project/train/train/47/7.jpg,47
/Users/thomas/Documents/GitHub/CSE_144_Final_Project/Final_Project/train/train/47/6.jpg,47
/Users/thomas/Documents/GitHub/CSE_144_Final_Project/Final_Project/train/train/47/2.jpg,47
/Users/thomas/Documents/GitHub/CSE_144_Final_Project/Final_Project/train/train/47/3.jpg,47
/Users/thomas/Documents/GitHub/CSE_144_Final_Project/Final_Project/train/train/47/1.jpg,47
/Users/thomas/Documents/GitHub/CSE_144_Final_Project/Final_Project/train/train/47/0.jpg,47
/Users/thomas/Documents/GitHub/CSE_144_Final_Project/Final_Project/train/train/78/8.jpg,78
/Users/thomas/Documents/GitHub/CSE_144_Final_Project/Final_Project/train/train/78/9.jpg,78
/Users/thomas/Documents/GitHub/CSE_144_Final_Project/Final_Project/train/train/78/4.jpg,78
/Users/thomas/Documents/GitHub/CSE_144_Final_Project/Final_Project/train/train/78/5.jpg,78
/Users/thomas/Documents/GitHub/CSE_144_Final_Project/Final_Project/train/train/78/7.jpg,78
/Users/thomas/Documents/GitHub/CSE_144_Final_Project/Final_Project/train/train/78/6.jpg,78
/Users/thomas/Documents/GitHub/CSE_144_Final_Project/Final_Project/train/train/78/2.jpg,78
/Users/thomas/Documents/GitHub/CSE_144_Final_Project/Final_Project/train/train/78/3.jpg,78
/Users/thomas/Documents/GitHub/CSE_144_Final_Project/Final_Project/train/train/78/1.jpg,78
/Users/thomas/Documents/GitHub/CSE_144_Final_Project/Final_Project/train/train/78/0.jpg,78
/Users/thomas/Documents/GitHub/CSE_144_Final_Project/Final_Project/train/train/2/8.jpg,2
/Users/thomas/Documents/GitHub/CSE_144_Final_Project/Final_Project/train/train/2/9.jpg,2
/Users/thomas/Documents/GitHub/CSE_144_Final_Project/Final_Project/train/train/2/4.jpg,2
/Users/thomas/Documents/GitHub/CSE_144_Final_Project/Final_Project/train/train/2/5.jpg,2
/Users/thomas/Documents/GitHub/CSE_144_Final_Project/Final_Project/train/train/2/7.jpg,2
/Users/thomas/Documents/GitHub/CSE_144_Final_Project/Final_Project/train/train/2/6.jpg,2
/Users/thomas/Documents/GitHub/CSE_144_Final_Project/Final_Project/train/train/2/2.jpg,2
/Users/thomas/Documents/GitHub/CSE_144_Final_Project/Final_Project/train/train/2/3.jpg,2
/Users/thomas/Documents/GitHub/CSE_144_Final_Project/Final_Project/train/train/2/1.jpg,2
/Users/thomas/Documents/GitHub/CSE_144_Final_Project/Final_Project/train/train/2/0.jpg,2
/Users/thomas/Documents/GitHub/CSE_144_Final_Project/Final_Project/train/train/13/8.jpg,13
/Users/thomas/Documents/GitHub/CSE_144_Final_Project/Final_Project/train/train/13/9.jpg,13
/Users/thomas/Documents/GitHub/CSE_144_Final_Project/Final_Project/train/train/13/4.jpg,13
/Users/thomas/Documents/GitHub/CSE_144_Final_Project/Final_Project/train/train/13/5.jpg,13
/Users/thomas/Documents/GitHub/CSE_144_Final_Project/Final_Project/train/train/13/7.jpg,13
/Users/thomas/Documents/GitHub/CSE_144_Final_Project/Final_Project/train/train/13/6.jpg,13
/Users/thomas/Documents/GitHub/CSE_144_Final_Project/Final_Project/train/train/13/2.jpg,13
/Users/thomas/Documents/GitHub/CSE_144_Final_Project/Final_Project/train/train/13/3.jpg,13
/Users/thomas/Documents/GitHub/CSE_144_Final_Project/Final_Project/train/train/13/1.jpg,13
/Users/thomas/Documents/GitHub/CSE_144_Final_Project/Final_Project/train/train/13/0.jpg,13
/Users/thomas/Documents/GitHub/CSE_144_Final_Project/Final_Project/train/train/5/8.jpg,5
/Users/thomas/Documents/GitHub/CSE_144_Final_Project/Final_Project/train/train/5/9.jpg,5
/Users/thomas/Documents/GitHub/CSE_144_Final_Project/Final_Project/train/train/5/4.jpg,5
/Users/thomas/Documents/GitHub/CSE_144_Final_Project/Final_Project/train/train/5/5.jpg,5
/Users/thomas/Documents/GitHub/CSE_144_Final_Project/Final_Project/train/train/5/7.jpg,5
/Users/thomas/Documents/GitHub/CSE_144_Final_Project/Final_Project/train/train/5/6.jpg,5
/Users/thomas/Documents/GitHub/CSE_144_Final_Project/Final_Project/train/train/5/2.jpg,5
/Users/thomas/Documents/GitHub/CSE_144_Final_Project/Final_Project/train/train/5/3.jpg,5
/Users/thomas/Documents/GitHub/CSE_144_Final_Project/Final_Project/train/train/5/1.jpg,5
/Users/thomas/Documents/GitHub/CSE_144_Final_Project/Final_Project/train/train/5/0.jpg,5
/Users/thomas/Documents/GitHub/CSE_144_Final_Project/Final_Project/train/train/14/8.jpg,14
/Users/thomas/Documents/GitHub/CSE_144_Final_Project/Final_Project/train/train/14/9.jpg,14
/Users/thomas/Documents/GitHub/CSE_144_Final_Project/Final_Project/train/train/14/4.jpg,14
/Users/thomas/Documents/GitHub/CSE_144_Final_Project/Final_Project/train/train/14/5.jpg,14
/Users/thomas/Documents/GitHub/CSE_144_Final_Project/Final_Project/train/train/14/7.jpg,14
/Users/thomas/Documents/GitHub/CSE_144_Final_Project/Final_Project/train/train/14/6.jpg,14
/Users/thomas/Documents/GitHub/CSE_144_Final_Project/Final_Project/train/train/14/2.jpg,14
/Users/thomas/Documents/GitHub/CSE_144_Final_Project/Final_Project/train/train/14/3.jpg,14
/Users/thomas/Documents/GitHub/CSE_144_Final_Project/Final_Project/train/train/14/1.jpg,14
/Users/thomas/Documents/GitHub/CSE_144_Final_Project/Final_Project/train/train/14/0.jpg,14
/Users/thomas/Documents/GitHub/CSE_144_Final_Project/Final_Project/train/train/22/8.jpg,22
/Users/thomas/Documents/GitHub/CSE_144_Final_Project/Final_Project/train/train/22/9.jpg,22
/Users/thomas/Documents/GitHub/CSE_144_Final_Project/Final_Project/train/train/22/4.jpg,22
/Users/thomas/Documents/GitHub/CSE_144_Final_Project/Final_Project/train/train/22/5.jpg,22
/Users/thomas/Documents/GitHub/CSE_144_Final_Project/Final_Project/train/train/22/7.jpg,22
/Users/thomas/Documents/GitHub/CSE_144_Final_Project/Final_Project/train/train/22/6.jpg,22
/Users/thomas/Documents/GitHub/CSE_144_Final_Project/Final_Project/train/train/22/2.jpg,22
/Users/thomas/Documents/GitHub/CSE_144_Final_Project/Final_Project/train/train/22/3.jpg,22
/Users/thomas/Documents/GitHub/CSE_144_Final_Project/Final_Project/train/train/22/1.jpg,22
/Users/thomas/Documents/GitHub/CSE_144_Final_Project/Final_Project/train/train/22/0.jpg,22
/Users/thomas/Documents/GitHub/CSE_144_Final_Project/Final_Project/train/train/25/8.jpg,25
/Users/thomas/Documents/GitHub/CSE_144_Final_Project/Final_Project/train/train/25/9.jpg,25
/Users/thomas/Documents/GitHub/CSE_144_Final_Project/Final_Project/train/train/25/4.jpg,25
/Users/thomas/Documents/GitHub/CSE_144_Final_Project/Final_Project/train/train/25/5.jpg,25
/Users/thomas/Documents/GitHub/CSE_144_Final_Project/Final_Project/train/train/25/7.jpg,25
/Users/thomas/Documents/GitHub/CSE_144_Final_Project/Final_Project/train/train/25/6.jpg,25
/Users/thomas/Documents/GitHub/CSE_144_Final_Project/Final_Project/train/train/25/2.jpg,25
/Users/thomas/Documents/GitHub/CSE_144_Final_Project/Final_Project/train/train/25/3.jpg,25
/Users/thomas/Documents/GitHub/CSE_144_Final_Project/Final_Project/train/train/25/1.jpg,25
/Users/thomas/Documents/GitHub/CSE_144_Final_Project/Final_Project/train/train/25/0.jpg,25
